{
	"credit": "Made with Blockbench",
	"ambientocclusion": false,
	"textures": {
		"inside": "block/chorus_plant"
	},
	"elements": [
		{
			"from": [6, 6, 3],
			"to": [10, 10, 4],
			"faces": {
				"north": {"uv": [6, 6, 10, 10], "texture": "#inside", "cullface": "north"},
				"east": {"uv": [5, 6, 6, 10], "texture": "#inside"},
				"west": {"uv": [11, 6, 12, 10], "texture": "#inside"},
				"up": {"uv": [6, 5, 10, 6], "texture": "#inside"},
				"down": {"uv": [6, 10, 10, 11], "texture": "#inside"}
			}
		},
		{
			"from": [6, 10, 3],
			"to": [10, 11, 3],
			"rotation": {"angle": -22.5, "axis": "x", "origin": [6, 10, 3]},
			"faces": {
				"north": {"uv": [6, 5, 10, 6], "texture": "#inside", "cullface": "north"},
				"south": {"uv": [6, 5, 10, 6], "texture": "#inside"}
			}
		},
		{
			"from": [7, 11, 3],
			"to": [9, 12, 3],
			"rotation": {"angle": -22.5, "axis": "x", "origin": [6, 10, 3]},
			"faces": {
				"north": {"uv": [7, 4, 9, 5], "texture": "#inside", "cullface": "north"},
				"south": {"uv": [7, 4, 9, 5], "texture": "#inside"}
			}
		},
		{
			"from": [5, 6, 3],
			"to": [6, 10, 3],
			"rotation": {"angle": -22.5, "axis": "y", "origin": [6, 10, 3]},
			"faces": {
				"north": {"uv": [10, 6, 11, 10], "texture": "#inside", "cullface": "north"},
				"south": {"uv": [5, 6, 6, 10], "texture": "#inside"}
			}
		},
		{
			"from": [4, 7, 3],
			"to": [5, 9, 3],
			"rotation": {"angle": -22.5, "axis": "y", "origin": [6, 10, 3]},
			"faces": {
				"north": {"uv": [11, 7, 12, 9], "texture": "#inside", "cullface": "north"},
				"south": {"uv": [4, 7, 5, 9], "texture": "#inside"}
			}
		},
		{
			"from": [6, 5, 3],
			"to": [10, 6, 3],
			"rotation": {"angle": 22.5, "axis": "x", "origin": [9, 6, 3]},
			"faces": {
				"north": {"uv": [6, 10, 10, 11], "texture": "#inside", "cullface": "north"},
				"south": {"uv": [6, 10, 10, 11], "texture": "#inside"}
			}
		},
		{
			"from": [7, 4, 3],
			"to": [9, 5, 3],
			"rotation": {"angle": 22.5, "axis": "x", "origin": [9, 6, 3]},
			"faces": {
				"north": {"uv": [7, 11, 9, 12], "texture": "#inside", "cullface": "north"},
				"south": {"uv": [7, 11, 9, 12], "texture": "#inside"}
			}
		},
		{
			"from": [10, 6, 3],
			"to": [11, 10, 3],
			"rotation": {"angle": 22.5, "axis": "y", "origin": [10, 10, 3]},
			"faces": {
				"north": {"uv": [5, 6, 6, 10], "texture": "#inside", "cullface": "north"},
				"south": {"uv": [10, 6, 11, 10], "texture": "#inside"}
			}
		},
		{
			"from": [11, 7, 3],
			"to": [12, 9, 3],
			"rotation": {"angle": 22.5, "axis": "y", "origin": [10, 10, 3]},
			"faces": {
				"north": {"uv": [4, 7, 5, 9], "texture": "#inside", "cullface": "north"},
				"south": {"uv": [11, 7, 12, 9], "texture": "#inside"}
			}
		},
		{
			"from": [4, 4, 4],
			"to": [12, 12, 4],
			"faces": {
				"north": {"uv": [4, 4, 12, 12], "texture": "#inside"}
			}
		}
	],
	"groups": [
		{
			"name": "group",
			"origin": [8, 8, 8],
			"children": [0,
				{
					"name": "group",
					"origin": [8, 8, 8],
					"children": [1, 2]
				},
				{
					"name": "group",
					"origin": [8, 1, 8],
					"children": [3, 4]
				},
				{
					"name": "group",
					"origin": [8, 1, 8],
					"children": [5, 6]
				},
				{
					"name": "group",
					"origin": [15, 1, 8],
					"children": [7, 8]
				}
			]
		}, 9]
}