{
	"credit": "Made with Blockbench",
	"ambientocclusion": false,
	"textures": {
		"particle": "block/chorus_plant",
		"texture": "block/chorus_plant"
	},
	"elements": [
		{
			"from": [4.9, 4.9, 0],
			"to": [11.1, 11.1, 4],
			"faces": {
				"east": {"uv": [12, 5, 16, 11], "texture": "#texture"},
				"west": {"uv": [0, 5, 4, 11], "texture": "#texture"},
				"up": {"uv": [5, 0, 11, 4], "texture": "#texture"},
				"down": {"uv": [5, 12, 11, 16], "texture": "#texture"}
			}
		},
		{
			"from": [4.9, 4.9, -2],
			"to": [11.1, 11.1, 0],
			"faces": {
				"north": {"uv": [5, 5, 11, 11], "texture": "#texture", "cullface": "north"},
				"east": {"uv": [0, 5, 2, 11], "texture": "#texture"},
				"west": {"uv": [14, 5, 16, 11], "texture": "#texture"},
				"up": {"uv": [5, 14, 11, 16], "texture": "#texture"},
				"down": {"uv": [5, 0, 11, 2], "texture": "#texture"}
			}
		},
		{
			"from": [4, 4, 4],
			"to": [12, 12, 4],
			"faces": {
				"north": {"uv": [4, 4, 12, 12], "texture": "#texture", "cullface": "north"},
				"east": {"uv": [12, 4, 12, 12], "texture": "#texture"},
				"west": {"uv": [4, 4, 4, 12], "texture": "#texture"},
				"up": {"uv": [4, 4, 12, 4], "texture": "#texture"},
				"down": {"uv": [4, 12, 12, 12], "texture": "#texture"}
			}
		}
	]
}