{
        "ambientocclusion": false,
	"parent": "block/block",
	"textures": {
		"1": "block/chorus_plant",
		"particle": "block/chorus_flower_dead",
		"texture": "block/chorus_flower_dead"
	},
	"elements": [
		{
			"from": [4, 4, 2],
			"to": [12, 12, 14],
			"faces": {
				"north": {"uv": [4, 4, 12, 12], "texture": "#1"},
				"east": {"uv": [2, 4, 14, 12], "texture": "#1"},
				"south": {"uv": [4, 4, 12, 12], "texture": "#1"},
				"west": {"uv": [2, 4, 14, 12], "texture": "#1"},
				"up": {"uv": [4, 2, 12, 14], "texture": "#1"},
				"down": {"uv": [4, 2, 12, 14], "texture": "#1"}
			}
		},
		{
			"from": [2, 4, 4],
			"to": [14, 12, 12],
			"faces": {
				"north": {"uv": [2, 4, 14, 12], "texture": "#1"},
				"east": {"uv": [4, 4, 12, 12], "texture": "#1"},
				"south": {"uv": [2, 4, 14, 12], "texture": "#1"},
				"west": {"uv": [4, 4, 12, 12], "texture": "#1"},
				"up": {"uv": [2, 4, 14, 12], "texture": "#1"},
				"down": {"uv": [2, 4, 14, 12], "texture": "#1"}
			}
		},
		{
			"from": [4, 2, 4],
			"to": [12, 14, 12],
			"faces": {
				"north": {"uv": [4, 2, 12, 14], "texture": "#1"},
				"east": {"uv": [4, 2, 12, 14], "texture": "#1"},
				"south": {"uv": [4, 2, 12, 14], "texture": "#1"},
				"west": {"uv": [4, 2, 12, 14], "texture": "#1"},
				"up": {"uv": [4, 4, 12, 12], "texture": "#1"},
				"down": {"uv": [4, 4, 12, 12], "texture": "#1"}
			}
		},
		{
			"from": [7, 7, 1],
			"to": [9, 9, 2],
			"rotation": {"angle": 0, "axis": "y", "origin": [8, 9, 7]},
			"faces": {
				"north": {"uv": [7, 7, 9, 9], "texture": "#texture"},
				"east": {"uv": [6, 7, 7, 9], "texture": "#texture"},
				"west": {"uv": [9, 7, 10, 9], "texture": "#texture"},
				"up": {"uv": [7, 6, 9, 7], "rotation": 180, "texture": "#texture"},
				"down": {"uv": [7, 9, 9, 10], "rotation": 180, "texture": "#texture"}
			}
		},
		{
			"from": [7, 9, 1],
			"to": [9, 10, 1],
			"rotation": {"angle": -22.5, "axis": "x", "origin": [8, 9, 1]},
			"faces": {
				"north": {"uv": [7, 6, 9, 7], "texture": "#texture"},
				"east": {"uv": [6, 7, 7, 9], "texture": "#texture"},
				"south": {"uv": [7, 6, 9, 7], "texture": "#texture"},
				"west": {"uv": [9, 7, 10, 9], "texture": "#texture"},
				"up": {"uv": [7, 6, 9, 7], "rotation": 180, "texture": "#texture"},
				"down": {"uv": [7, 9, 9, 10], "rotation": 180, "texture": "#texture"}
			}
		},
		{
			"from": [7, 6, 1],
			"to": [9, 7, 1],
			"rotation": {"angle": 22.5, "axis": "x", "origin": [8, 7, 1]},
			"faces": {
				"north": {"uv": [7, 9, 9, 10], "texture": "#texture"},
				"east": {"uv": [6, 7, 7, 9], "texture": "#texture"},
				"south": {"uv": [7, 9, 9, 10], "texture": "#texture"},
				"west": {"uv": [9, 7, 10, 9], "texture": "#texture"},
				"up": {"uv": [7, 6, 9, 7], "rotation": 180, "texture": "#texture"},
				"down": {"uv": [7, 9, 9, 10], "rotation": 180, "texture": "#texture"}
			}
		},
		{
			"from": [6, 7, 1],
			"to": [7, 9, 1],
			"rotation": {"angle": -22.5, "axis": "y", "origin": [7, 9, 1]},
			"faces": {
				"north": {"uv": [9, 7, 10, 9], "texture": "#texture"},
				"east": {"uv": [6, 7, 7, 9], "texture": "#texture"},
				"south": {"uv": [9, 7, 10, 9], "texture": "#texture"},
				"west": {"uv": [9, 7, 10, 9], "texture": "#texture"},
				"up": {"uv": [7, 6, 9, 7], "rotation": 180, "texture": "#texture"},
				"down": {"uv": [7, 9, 9, 10], "rotation": 180, "texture": "#texture"}
			}
		},
		{
			"from": [9, 7, 1],
			"to": [10, 9, 1],
			"rotation": {"angle": 22.5, "axis": "y", "origin": [9, 9, 1]},
			"faces": {
				"north": {"uv": [6, 7, 7, 9], "texture": "#texture"},
				"east": {"uv": [6, 7, 7, 9], "texture": "#texture"},
				"south": {"uv": [6, 7, 7, 9], "texture": "#texture"},
				"west": {"uv": [9, 7, 10, 9], "texture": "#texture"},
				"up": {"uv": [7, 6, 9, 7], "rotation": 180, "texture": "#texture"},
				"down": {"uv": [7, 9, 9, 10], "rotation": 180, "texture": "#texture"}
			}
		},
		{
			"from": [14, 7, 7],
			"to": [15, 9, 9],
			"rotation": {"angle": 0, "axis": "y", "origin": [9, 9, 8]},
			"faces": {
				"north": {"uv": [9, 7, 10, 9], "texture": "#texture"},
				"east": {"uv": [7, 7, 9, 9], "texture": "#texture"},
				"south": {"uv": [6, 7, 7, 9], "texture": "#texture"},
				"up": {"uv": [7, 6, 9, 7], "rotation": 270, "texture": "#texture"},
				"down": {"uv": [7, 9, 9, 10], "rotation": 90, "texture": "#texture"}
			}
		},
		{
			"from": [15, 9, 7],
			"to": [15, 10, 9],
			"rotation": {"angle": -22.5, "axis": "z", "origin": [15, 9, 7]},
			"faces": {
				"north": {"uv": [9, 7, 10, 9], "texture": "#texture"},
				"east": {"uv": [7, 6, 9, 7], "texture": "#texture"},
				"south": {"uv": [6, 7, 7, 9], "texture": "#texture"},
				"west": {"uv": [7, 6, 9, 7], "texture": "#texture"},
				"up": {"uv": [7, 6, 9, 7], "rotation": 270, "texture": "#texture"},
				"down": {"uv": [7, 9, 9, 10], "rotation": 90, "texture": "#texture"}
			}
		},
		{
			"from": [15, 6, 7],
			"to": [15, 7, 9],
			"rotation": {"angle": 22.5, "axis": "z", "origin": [15, 7, 7]},
			"faces": {
				"north": {"uv": [9, 7, 10, 9], "texture": "#texture"},
				"east": {"uv": [7, 9, 9, 10], "texture": "#texture"},
				"south": {"uv": [6, 7, 7, 9], "texture": "#texture"},
				"west": {"uv": [7, 9, 9, 10], "texture": "#texture"},
				"up": {"uv": [7, 6, 9, 7], "rotation": 270, "texture": "#texture"},
				"down": {"uv": [7, 9, 9, 10], "rotation": 90, "texture": "#texture"}
			}
		},
		{
			"from": [15, 7, 6],
			"to": [15, 9, 7],
			"rotation": {"angle": -22.5, "axis": "y", "origin": [15, 9, 7]},
			"faces": {
				"north": {"uv": [9, 7, 10, 9], "texture": "#texture"},
				"east": {"uv": [9, 7, 10, 9], "texture": "#texture"},
				"south": {"uv": [6, 7, 7, 9], "texture": "#texture"},
				"west": {"uv": [9, 7, 10, 9], "texture": "#texture"},
				"up": {"uv": [7, 6, 9, 7], "rotation": 270, "texture": "#texture"},
				"down": {"uv": [7, 9, 9, 10], "rotation": 90, "texture": "#texture"}
			}
		},
		{
			"from": [15, 7, 9],
			"to": [15, 9, 10],
			"rotation": {"angle": 22.5, "axis": "y", "origin": [15, 9, 9]},
			"faces": {
				"north": {"uv": [9, 7, 10, 9], "texture": "#texture"},
				"east": {"uv": [6, 7, 7, 9], "texture": "#texture"},
				"south": {"uv": [6, 7, 7, 9], "texture": "#texture"},
				"west": {"uv": [6, 7, 7, 9], "texture": "#texture"},
				"up": {"uv": [7, 6, 9, 7], "rotation": 270, "texture": "#texture"},
				"down": {"uv": [7, 9, 9, 10], "rotation": 90, "texture": "#texture"}
			}
		},
		{
			"from": [7, 7, 14],
			"to": [9, 9, 15],
			"rotation": {"angle": 0, "axis": "y", "origin": [8, 9, 9]},
			"faces": {
				"east": {"uv": [9, 7, 10, 9], "texture": "#texture"},
				"south": {"uv": [7, 7, 9, 9], "texture": "#texture"},
				"west": {"uv": [6, 7, 7, 9], "texture": "#texture"},
				"up": {"uv": [7, 6, 9, 7], "texture": "#texture"},
				"down": {"uv": [7, 9, 9, 10], "texture": "#texture"}
			}
		},
		{
			"from": [7, 9, 15],
			"to": [9, 10, 15],
			"rotation": {"angle": 22.5, "axis": "x", "origin": [9, 9, 15]},
			"faces": {
				"north": {"uv": [7, 6, 9, 7], "texture": "#texture"},
				"east": {"uv": [9, 7, 10, 9], "texture": "#texture"},
				"south": {"uv": [7, 6, 9, 7], "texture": "#texture"},
				"west": {"uv": [6, 7, 7, 9], "texture": "#texture"},
				"up": {"uv": [7, 6, 9, 7], "texture": "#texture"},
				"down": {"uv": [7, 9, 9, 10], "texture": "#texture"}
			}
		},
		{
			"from": [7, 6, 15],
			"to": [9, 7, 15],
			"rotation": {"angle": -22.5, "axis": "x", "origin": [9, 7, 15]},
			"faces": {
				"north": {"uv": [7, 9, 9, 10], "texture": "#texture"},
				"east": {"uv": [9, 7, 10, 9], "texture": "#texture"},
				"south": {"uv": [7, 9, 9, 10], "texture": "#texture"},
				"west": {"uv": [6, 7, 7, 9], "texture": "#texture"},
				"up": {"uv": [7, 6, 9, 7], "texture": "#texture"},
				"down": {"uv": [7, 9, 9, 10], "texture": "#texture"}
			}
		},
		{
			"from": [9, 7, 15],
			"to": [10, 9, 15],
			"rotation": {"angle": -22.5, "axis": "y", "origin": [9, 9, 15]},
			"faces": {
				"north": {"uv": [9, 7, 10, 9], "texture": "#texture"},
				"east": {"uv": [9, 7, 10, 9], "texture": "#texture"},
				"south": {"uv": [9, 7, 10, 9], "texture": "#texture"},
				"west": {"uv": [6, 7, 7, 9], "texture": "#texture"},
				"up": {"uv": [7, 6, 9, 7], "texture": "#texture"},
				"down": {"uv": [7, 9, 9, 10], "texture": "#texture"}
			}
		},
		{
			"from": [6, 7, 15],
			"to": [7, 9, 15],
			"rotation": {"angle": 22.5, "axis": "y", "origin": [7, 9, 15]},
			"faces": {
				"north": {"uv": [6, 7, 7, 9], "texture": "#texture"},
				"east": {"uv": [9, 7, 10, 9], "texture": "#texture"},
				"south": {"uv": [6, 7, 7, 9], "texture": "#texture"},
				"west": {"uv": [6, 7, 7, 9], "texture": "#texture"},
				"up": {"uv": [7, 6, 9, 7], "texture": "#texture"},
				"down": {"uv": [7, 9, 9, 10], "texture": "#texture"}
			}
		},
		{
			"from": [1, 7, 7],
			"to": [2, 9, 9],
			"rotation": {"angle": 0, "axis": "y", "origin": [7, 9, 8]},
			"faces": {
				"north": {"uv": [6, 7, 7, 9], "texture": "#texture"},
				"south": {"uv": [9, 7, 10, 9], "texture": "#texture"},
				"west": {"uv": [7, 7, 9, 9], "texture": "#texture"},
				"up": {"uv": [7, 6, 9, 7], "rotation": 90, "texture": "#texture"},
				"down": {"uv": [7, 9, 9, 10], "rotation": 270, "texture": "#texture"}
			}
		},
		{
			"from": [1, 9, 7],
			"to": [1, 10, 9],
			"rotation": {"angle": 22.5, "axis": "z", "origin": [1, 9, 9]},
			"faces": {
				"north": {"uv": [6, 7, 7, 9], "texture": "#texture"},
				"east": {"uv": [7, 6, 9, 7], "texture": "#texture"},
				"south": {"uv": [9, 7, 10, 9], "texture": "#texture"},
				"west": {"uv": [7, 6, 9, 7], "texture": "#texture"},
				"up": {"uv": [7, 6, 9, 7], "rotation": 90, "texture": "#texture"},
				"down": {"uv": [7, 9, 9, 10], "rotation": 270, "texture": "#texture"}
			}
		},
		{
			"from": [1, 6, 7],
			"to": [1, 7, 9],
			"rotation": {"angle": -22.5, "axis": "z", "origin": [1, 7, 9]},
			"faces": {
				"north": {"uv": [6, 7, 7, 9], "texture": "#texture"},
				"east": {"uv": [7, 9, 9, 10], "texture": "#texture"},
				"south": {"uv": [9, 7, 10, 9], "texture": "#texture"},
				"west": {"uv": [7, 9, 9, 10], "texture": "#texture"},
				"up": {"uv": [7, 6, 9, 7], "rotation": 90, "texture": "#texture"},
				"down": {"uv": [7, 9, 9, 10], "rotation": 270, "texture": "#texture"}
			}
		},
		{
			"from": [1, 7, 9],
			"to": [1, 9, 10],
			"rotation": {"angle": -22.5, "axis": "y", "origin": [1, 9, 9]},
			"faces": {
				"north": {"uv": [6, 7, 7, 9], "texture": "#texture"},
				"east": {"uv": [9, 7, 10, 9], "texture": "#texture"},
				"south": {"uv": [9, 7, 10, 9], "texture": "#texture"},
				"west": {"uv": [9, 7, 10, 9], "texture": "#texture"},
				"up": {"uv": [7, 6, 9, 7], "rotation": 90, "texture": "#texture"},
				"down": {"uv": [7, 9, 9, 10], "rotation": 270, "texture": "#texture"}
			}
		},
		{
			"from": [1, 7, 6],
			"to": [1, 9, 7],
			"rotation": {"angle": 22.5, "axis": "y", "origin": [1, 9, 7]},
			"faces": {
				"north": {"uv": [6, 7, 7, 9], "texture": "#texture"},
				"east": {"uv": [6, 7, 7, 9], "texture": "#texture"},
				"south": {"uv": [9, 7, 10, 9], "texture": "#texture"},
				"west": {"uv": [6, 7, 7, 9], "texture": "#texture"},
				"up": {"uv": [7, 6, 9, 7], "rotation": 90, "texture": "#texture"},
				"down": {"uv": [7, 9, 9, 10], "rotation": 270, "texture": "#texture"}
			}
		},
		{
			"from": [7, 14, 7],
			"to": [9, 15, 9],
			"rotation": {"angle": 0, "axis": "x", "origin": [9, 15, 9]},
			"faces": {
				"north": {"uv": [7, 9, 9, 10], "texture": "#texture"},
				"east": {"uv": [6, 7, 7, 9], "rotation": 270, "texture": "#texture"},
				"south": {"uv": [7, 6, 9, 7], "rotation": 180, "texture": "#texture"},
				"west": {"uv": [9, 7, 10, 9], "rotation": 90, "texture": "#texture"},
				"up": {"uv": [7, 7, 9, 9], "rotation": 180, "texture": "#texture"}
			}
		},
		{
			"from": [7, 15, 9],
			"to": [9, 15, 10],
			"rotation": {"angle": -22.5, "axis": "x", "origin": [9, 15, 9]},
			"faces": {
				"north": {"uv": [7, 9, 9, 10], "texture": "#texture"},
				"east": {"uv": [6, 7, 7, 9], "rotation": 270, "texture": "#texture"},
				"south": {"uv": [7, 6, 9, 7], "rotation": 180, "texture": "#texture"},
				"west": {"uv": [9, 7, 10, 9], "rotation": 90, "texture": "#texture"},
				"up": {"uv": [7, 6, 9, 7], "rotation": 180, "texture": "#texture"},
				"down": {"uv": [7, 6, 9, 7], "texture": "#texture"}
			}
		},
		{
			"from": [7, 15, 6],
			"to": [9, 15, 7],
			"rotation": {"angle": 22.5, "axis": "x", "origin": [9, 15, 7]},
			"faces": {
				"north": {"uv": [7, 9, 9, 10], "texture": "#texture"},
				"east": {"uv": [6, 7, 7, 9], "rotation": 270, "texture": "#texture"},
				"south": {"uv": [7, 6, 9, 7], "rotation": 180, "texture": "#texture"},
				"west": {"uv": [9, 7, 10, 9], "rotation": 90, "texture": "#texture"},
				"up": {"uv": [7, 9, 9, 10], "rotation": 180, "texture": "#texture"},
				"down": {"uv": [7, 9, 9, 10], "texture": "#texture"}
			}
		},
		{
			"from": [6, 15, 7],
			"to": [7, 15, 9],
			"rotation": {"angle": -22.5, "axis": "z", "origin": [7, 15, 9]},
			"faces": {
				"north": {"uv": [7, 9, 9, 10], "texture": "#texture"},
				"east": {"uv": [6, 7, 7, 9], "rotation": 270, "texture": "#texture"},
				"south": {"uv": [7, 6, 9, 7], "rotation": 180, "texture": "#texture"},
				"west": {"uv": [9, 7, 10, 9], "rotation": 90, "texture": "#texture"},
				"up": {"uv": [9, 7, 10, 9], "rotation": 180, "texture": "#texture"},
				"down": {"uv": [9, 7, 10, 9], "texture": "#texture"}
			}
		},
		{
			"from": [9, 15, 7],
			"to": [10, 15, 9],
			"rotation": {"angle": 22.5, "axis": "z", "origin": [9, 15, 9]},
			"faces": {
				"north": {"uv": [7, 9, 9, 10], "texture": "#texture"},
				"east": {"uv": [6, 7, 7, 9], "rotation": 270, "texture": "#texture"},
				"south": {"uv": [7, 6, 9, 7], "rotation": 180, "texture": "#texture"},
				"west": {"uv": [9, 7, 10, 9], "rotation": 90, "texture": "#texture"},
				"up": {"uv": [6, 7, 7, 9], "rotation": 180, "texture": "#texture"},
				"down": {"uv": [6, 7, 7, 9], "texture": "#texture"}
			}
		}
	],
	"groups": [0, 1, 2,
		{
			"name": "north",
			"origin": [8, 8, 8],
			"children": [3,
				{
					"name": "group",
					"origin": [8, 8, 8],
					"children": [4]
				},
				{
					"name": "group",
					"origin": [8, 8, 8],
					"children": [5]
				},
				{
					"name": "group",
					"origin": [8, 8, 8],
					"children": [6]
				},
				{
					"name": "group",
					"origin": [8, 8, 8],
					"children": [7]
				}
			]
		},
		{
			"name": "east",
			"origin": [8, 8, 8],
			"children": [8,
				{
					"name": "group",
					"origin": [8, 8, 8],
					"children": [9]
				},
				{
					"name": "group",
					"origin": [8, 8, 8],
					"children": [10]
				},
				{
					"name": "group",
					"origin": [8, 8, 8],
					"children": [11]
				},
				{
					"name": "group",
					"origin": [8, 8, 8],
					"children": [12]
				}
			]
		},
		{
			"name": "south",
			"origin": [8, 8, 8],
			"children": [13,
				{
					"name": "group",
					"origin": [8, 8, 8],
					"children": [14]
				},
				{
					"name": "group",
					"origin": [8, 8, 8],
					"children": [15]
				},
				{
					"name": "group",
					"origin": [8, 8, 8],
					"children": [16]
				},
				{
					"name": "group",
					"origin": [8, 8, 8],
					"children": [17]
				}
			]
		},
		{
			"name": "west",
			"origin": [8, 8, 8],
			"children": [18,
				{
					"name": "group",
					"origin": [8, 8, 8],
					"children": [19]
				},
				{
					"name": "group",
					"origin": [8, 8, 8],
					"children": [20]
				},
				{
					"name": "group",
					"origin": [8, 8, 8],
					"children": [21]
				},
				{
					"name": "group",
					"origin": [8, 8, 8],
					"children": [22]
				}
			]
		},
		{
			"name": "up",
			"origin": [8, 8, 8],
			"children": [23,
				{
					"name": "group",
					"origin": [8, 8, 8],
					"children": [24]
				},
				{
					"name": "group",
					"origin": [8, 8, 8],
					"children": [25]
				},
				{
					"name": "group",
					"origin": [8, 8, 8],
					"children": [26]
				},
				{
					"name": "group",
					"origin": [8, 8, 8],
					"children": [27]
				}
			]
		}
	]
}