{
        "ambientocclusion": false,
	"parent": "block/block",
	"textures": {
		"1": "block/chorus_plant",
		"texture": "block/chorus_flower",
		"particle": "block/chorus_flower"
	},
	"elements": [
		{
			"from": [4, 4, 2],
			"to": [12, 12, 14],
			"faces": {
				"north": {"uv": [4, 4, 12, 12], "texture": "#1"},
				"east": {"uv": [2, 4, 14, 12], "texture": "#1"},
				"south": {"uv": [4, 4, 12, 12], "texture": "#1"},
				"west": {"uv": [2, 4, 14, 12], "texture": "#1"},
				"up": {"uv": [4, 2, 12, 14], "texture": "#1"},
				"down": {"uv": [4, 2, 12, 14], "texture": "#1"}
			}
		},
		{
			"from": [2, 4, 4],
			"to": [14, 12, 12],
			"faces": {
				"north": {"uv": [2, 4, 14, 12], "texture": "#1"},
				"east": {"uv": [4, 4, 12, 12], "texture": "#1"},
				"south": {"uv": [2, 4, 14, 12], "texture": "#1"},
				"west": {"uv": [4, 4, 12, 12], "texture": "#1"},
				"up": {"uv": [2, 4, 14, 12], "texture": "#1"},
				"down": {"uv": [2, 4, 14, 12], "texture": "#1"}
			}
		},
		{
			"from": [4, 2, 4],
			"to": [12, 14, 12],
			"faces": {
				"north": {"uv": [4, 2, 12, 14], "texture": "#1"},
				"east": {"uv": [4, 2, 12, 14], "texture": "#1"},
				"south": {"uv": [4, 2, 12, 14], "texture": "#1"},
				"west": {"uv": [4, 2, 12, 14], "texture": "#1"},
				"up": {"uv": [4, 4, 12, 12], "texture": "#1"},
				"down": {"uv": [4, 4, 12, 12], "texture": "#1"}
			}
		},
		{
			"from": [4, 11, 1],
			"to": [11, 13, 1],
			"rotation": {"angle": -22.5, "axis": "x", "origin": [9, 11, 1]},
			"faces": {
				"north": {"uv": [5, 3, 12, 5], "texture": "#texture"},
				"south": {"uv": [5, 3, 12, 5], "texture": "#texture"}
			}
		},
		{
			"from": [7, 13, 1],
			"to": [9, 14, 1],
			"rotation": {"angle": -22.5, "axis": "x", "origin": [9, 11, 1]},
			"faces": {
				"north": {"uv": [7, 2, 9, 3], "texture": "#texture"},
				"south": {"uv": [7, 2, 9, 3], "texture": "#texture"}
			}
		},
		{
			"from": [4, 13, 1],
			"to": [6, 14, 1],
			"rotation": {"angle": -22.5, "axis": "x", "origin": [9, 11, 1]},
			"faces": {
				"north": {"uv": [10, 2, 12, 3], "texture": "#texture"},
				"south": {"uv": [10, 2, 12, 3], "texture": "#texture"}
			}
		},
		{
			"from": [3, 11, 1],
			"to": [4, 12, 1],
			"rotation": {"angle": -22.5, "axis": "x", "origin": [9, 11, 1]},
			"faces": {
				"north": {"uv": [12, 4, 13, 5], "texture": "#texture"},
				"south": {"uv": [12, 4, 13, 5], "texture": "#texture"}
			}
		},
		{
			"from": [5, 3, 1],
			"to": [13, 5, 1],
			"rotation": {"angle": 22.5, "axis": "x", "origin": [9, 5, 1]},
			"faces": {
				"north": {"uv": [3, 11, 11, 13], "texture": "#texture"},
				"south": {"uv": [3, 11, 11, 13], "texture": "#texture"}
			}
		},
		{
			"from": [6, 2, 1],
			"to": [10, 3, 1],
			"rotation": {"angle": 22.5, "axis": "x", "origin": [9, 5, 1]},
			"faces": {
				"north": {"uv": [6, 13, 10, 14], "texture": "#texture"},
				"south": {"uv": [6, 13, 10, 14], "texture": "#texture"}
			}
		},
		{
			"from": [13, 5, 1],
			"to": [14, 7, 1],
			"rotation": {"angle": 22.5, "axis": "y", "origin": [11, 12, 1]},
			"faces": {
				"north": {"uv": [2, 10, 3, 12], "texture": "#texture"},
				"south": {"uv": [2, 9, 3, 11], "texture": "#texture"}
			}
		},
		{
			"from": [11, 5, 1],
			"to": [13, 12, 1],
			"rotation": {"angle": 22.5, "axis": "y", "origin": [11, 12, 1]},
			"faces": {
				"north": {"uv": [3, 4, 5, 11], "texture": "#texture"},
				"south": {"uv": [3, 4, 5, 11], "texture": "#texture"}
			}
		},
		{
			"from": [13, 9, 1],
			"to": [14, 12, 1],
			"rotation": {"angle": 22.5, "axis": "y", "origin": [11, 12, 1]},
			"faces": {
				"north": {"uv": [2, 4, 3, 7], "texture": "#texture"},
				"south": {"uv": [2, 4, 3, 7], "texture": "#texture"}
			}
		},
		{
			"from": [3, 3, 1],
			"to": [5, 11, 1],
			"rotation": {"angle": -22.5, "axis": "y", "origin": [5, 10, 1]},
			"faces": {
				"north": {"uv": [11, 5, 13, 13], "texture": "#texture"},
				"south": {"uv": [11, 5, 13, 13], "texture": "#texture"}
			}
		},
		{
			"from": [2, 4, 1],
			"to": [3, 7, 1],
			"rotation": {"angle": -22.5, "axis": "y", "origin": [5, 10, 1]},
			"faces": {
				"north": {"uv": [13, 9, 14, 12], "texture": "#texture"},
				"south": {"uv": [13, 9, 14, 12], "texture": "#texture"}
			}
		},
		{
			"from": [2, 9, 1],
			"to": [3, 11, 1],
			"rotation": {"angle": -22.5, "axis": "y", "origin": [5, 10, 1]},
			"faces": {
				"north": {"uv": [13, 5, 14, 7], "texture": "#texture"},
				"south": {"uv": [13, 5, 14, 7], "texture": "#texture"}
			}
		},
		{
			"from": [5, 5, 1],
			"to": [11, 11, 2],
			"rotation": {"angle": 0, "axis": "y", "origin": [8, 9, 7]},
			"faces": {
				"north": {"uv": [5, 5, 11, 11], "texture": "#texture"},
				"east": {"uv": [5, 5, 6, 11], "texture": "#texture"},
				"west": {"uv": [10, 5, 11, 11], "texture": "#texture"},
				"up": {"uv": [5, 5, 11, 6], "texture": "#texture"},
				"down": {"uv": [5, 10, 11, 11], "texture": "#texture"}
			}
		},
		{
			"from": [15, 11, 4],
			"to": [15, 13, 11],
			"rotation": {"angle": -22.5, "axis": "z", "origin": [15, 11, 9]},
			"faces": {
				"east": {"uv": [5, 3, 12, 5], "texture": "#texture"},
				"west": {"uv": [5, 3, 12, 5], "texture": "#texture"}
			}
		},
		{
			"from": [15, 13, 7],
			"to": [15, 14, 9],
			"rotation": {"angle": -22.5, "axis": "z", "origin": [15, 11, 9]},
			"faces": {
				"east": {"uv": [7, 2, 9, 3], "texture": "#texture"},
				"west": {"uv": [7, 2, 9, 3], "texture": "#texture"}
			}
		},
		{
			"from": [15, 13, 4],
			"to": [15, 14, 6],
			"rotation": {"angle": -22.5, "axis": "z", "origin": [15, 11, 9]},
			"faces": {
				"east": {"uv": [10, 2, 12, 3], "texture": "#texture"},
				"west": {"uv": [10, 2, 12, 3], "texture": "#texture"}
			}
		},
		{
			"from": [15, 11, 3],
			"to": [15, 12, 4],
			"rotation": {"angle": -22.5, "axis": "z", "origin": [15, 11, 9]},
			"faces": {
				"east": {"uv": [12, 4, 13, 5], "texture": "#texture"},
				"west": {"uv": [12, 4, 13, 5], "texture": "#texture"}
			}
		},
		{
			"from": [15, 3, 5],
			"to": [15, 5, 13],
			"rotation": {"angle": 22.5, "axis": "z", "origin": [15, 5, 9]},
			"faces": {
				"east": {"uv": [3, 11, 11, 13], "texture": "#texture"},
				"west": {"uv": [3, 11, 11, 13], "texture": "#texture"}
			}
		},
		{
			"from": [15, 2, 6],
			"to": [15, 3, 10],
			"rotation": {"angle": 22.5, "axis": "z", "origin": [15, 5, 9]},
			"faces": {
				"east": {"uv": [6, 13, 10, 14], "texture": "#texture"},
				"west": {"uv": [6, 13, 10, 14], "texture": "#texture"}
			}
		},
		{
			"from": [15, 5, 13],
			"to": [15, 7, 14],
			"rotation": {"angle": 22.5, "axis": "y", "origin": [15, 11, 11]},
			"faces": {
				"east": {"uv": [2, 10, 3, 12], "texture": "#texture"},
				"west": {"uv": [2, 9, 3, 11], "texture": "#texture"}
			}
		},
		{
			"from": [15, 5, 11],
			"to": [15, 12, 13],
			"rotation": {"angle": 22.5, "axis": "y", "origin": [15, 11, 11]},
			"faces": {
				"east": {"uv": [3, 4, 5, 11], "texture": "#texture"},
				"west": {"uv": [3, 4, 5, 11], "texture": "#texture"}
			}
		},
		{
			"from": [15, 9, 13],
			"to": [15, 12, 14],
			"rotation": {"angle": 22.5, "axis": "y", "origin": [15, 11, 11]},
			"faces": {
				"east": {"uv": [2, 4, 3, 7], "texture": "#texture"},
				"west": {"uv": [2, 4, 3, 7], "texture": "#texture"}
			}
		},
		{
			"from": [15, 3, 3],
			"to": [15, 11, 5],
			"rotation": {"angle": -22.5, "axis": "y", "origin": [15, 11, 5]},
			"faces": {
				"east": {"uv": [11, 5, 13, 13], "texture": "#texture"},
				"west": {"uv": [11, 5, 13, 13], "texture": "#texture"}
			}
		},
		{
			"from": [15, 4, 2],
			"to": [15, 7, 3],
			"rotation": {"angle": -22.5, "axis": "y", "origin": [15, 11, 5]},
			"faces": {
				"east": {"uv": [13, 9, 14, 12], "texture": "#texture"},
				"west": {"uv": [13, 9, 14, 12], "texture": "#texture"}
			}
		},
		{
			"from": [15, 9, 2],
			"to": [15, 11, 3],
			"rotation": {"angle": -22.5, "axis": "y", "origin": [15, 11, 5]},
			"faces": {
				"east": {"uv": [13, 5, 14, 7], "texture": "#texture"},
				"west": {"uv": [13, 5, 14, 7], "texture": "#texture"}
			}
		},
		{
			"from": [14, 5, 5],
			"to": [15, 11, 11],
			"rotation": {"angle": 0, "axis": "y", "origin": [9, 9, 8]},
			"faces": {
				"north": {"uv": [10, 5, 11, 11], "texture": "#texture"},
				"east": {"uv": [5, 5, 11, 11], "texture": "#texture"},
				"south": {"uv": [5, 5, 6, 11], "texture": "#texture"},
				"up": {"uv": [5, 5, 11, 6], "rotation": 90, "texture": "#texture"},
				"down": {"uv": [5, 10, 11, 11], "rotation": 270, "texture": "#texture"}
			}
		},
		{
			"from": [5, 11, 15],
			"to": [12, 13, 15],
			"rotation": {"angle": 22.5, "axis": "x", "origin": [8, 11, 15]},
			"faces": {
				"north": {"uv": [5, 3, 12, 5], "texture": "#texture"},
				"south": {"uv": [5, 3, 12, 5], "texture": "#texture"}
			}
		},
		{
			"from": [7, 13, 15],
			"to": [9, 14, 15],
			"rotation": {"angle": 22.5, "axis": "x", "origin": [8, 11, 15]},
			"faces": {
				"north": {"uv": [7, 2, 9, 3], "texture": "#texture"},
				"south": {"uv": [7, 2, 9, 3], "texture": "#texture"}
			}
		},
		{
			"from": [10, 13, 15],
			"to": [12, 14, 15],
			"rotation": {"angle": 22.5, "axis": "x", "origin": [8, 11, 15]},
			"faces": {
				"north": {"uv": [10, 2, 12, 3], "texture": "#texture"},
				"south": {"uv": [10, 2, 12, 3], "texture": "#texture"}
			}
		},
		{
			"from": [12, 11, 15],
			"to": [13, 12, 15],
			"rotation": {"angle": 22.5, "axis": "x", "origin": [8, 11, 15]},
			"faces": {
				"north": {"uv": [12, 4, 13, 5], "texture": "#texture"},
				"south": {"uv": [12, 4, 13, 5], "texture": "#texture"}
			}
		},
		{
			"from": [3, 3, 15],
			"to": [11, 5, 15],
			"rotation": {"angle": -22.5, "axis": "x", "origin": [8, 5, 15]},
			"faces": {
				"north": {"uv": [3, 11, 11, 13], "texture": "#texture"},
				"south": {"uv": [3, 11, 11, 13], "texture": "#texture"}
			}
		},
		{
			"from": [6, 2, 15],
			"to": [10, 3, 15],
			"rotation": {"angle": -22.5, "axis": "x", "origin": [8, 5, 15]},
			"faces": {
				"north": {"uv": [6, 13, 10, 14], "texture": "#texture"},
				"south": {"uv": [6, 13, 10, 14], "texture": "#texture"}
			}
		},
		{
			"from": [2, 5, 15],
			"to": [3, 7, 15],
			"rotation": {"angle": 22.5, "axis": "y", "origin": [5, 11, 15]},
			"faces": {
				"north": {"uv": [2, 9, 3, 11], "texture": "#texture"},
				"south": {"uv": [2, 10, 3, 12], "texture": "#texture"}
			}
		},
		{
			"from": [3, 5, 15],
			"to": [5, 12, 15],
			"rotation": {"angle": 22.5, "axis": "y", "origin": [5, 11, 15]},
			"faces": {
				"north": {"uv": [3, 4, 5, 11], "texture": "#texture"},
				"south": {"uv": [3, 4, 5, 11], "texture": "#texture"}
			}
		},
		{
			"from": [2, 9, 15],
			"to": [3, 12, 15],
			"rotation": {"angle": 22.5, "axis": "y", "origin": [5, 11, 15]},
			"faces": {
				"north": {"uv": [2, 4, 3, 7], "texture": "#texture"},
				"south": {"uv": [2, 4, 3, 7], "texture": "#texture"}
			}
		},
		{
			"from": [11, 3, 15],
			"to": [13, 11, 15],
			"rotation": {"angle": -22.5, "axis": "y", "origin": [11, 11, 15]},
			"faces": {
				"north": {"uv": [11, 5, 13, 13], "texture": "#texture"},
				"south": {"uv": [11, 5, 13, 13], "texture": "#texture"}
			}
		},
		{
			"from": [13, 4, 15],
			"to": [14, 7, 15],
			"rotation": {"angle": -22.5, "axis": "y", "origin": [11, 11, 15]},
			"faces": {
				"north": {"uv": [13, 9, 14, 12], "texture": "#texture"},
				"south": {"uv": [13, 9, 14, 12], "texture": "#texture"}
			}
		},
		{
			"from": [13, 9, 15],
			"to": [14, 11, 15],
			"rotation": {"angle": -22.5, "axis": "y", "origin": [11, 11, 15]},
			"faces": {
				"north": {"uv": [13, 5, 14, 7], "texture": "#texture"},
				"south": {"uv": [13, 5, 14, 7], "texture": "#texture"}
			}
		},
		{
			"from": [5, 5, 14],
			"to": [11, 11, 15],
			"rotation": {"angle": 0, "axis": "y", "origin": [8, 9, 9]},
			"faces": {
				"east": {"uv": [10, 5, 11, 11], "texture": "#texture"},
				"south": {"uv": [5, 5, 11, 11], "texture": "#texture"},
				"west": {"uv": [5, 5, 6, 11], "texture": "#texture"},
				"up": {"uv": [5, 5, 11, 6], "rotation": 180, "texture": "#texture"},
				"down": {"uv": [5, 10, 11, 11], "rotation": 180, "texture": "#texture"}
			}
		},
		{
			"from": [1, 11, 5],
			"to": [1, 13, 12],
			"rotation": {"angle": 22.5, "axis": "z", "origin": [1, 11, 8]},
			"faces": {
				"east": {"uv": [5, 3, 12, 5], "texture": "#texture"},
				"west": {"uv": [5, 3, 12, 5], "texture": "#texture"}
			}
		},
		{
			"from": [1, 13, 7],
			"to": [1, 14, 9],
			"rotation": {"angle": 22.5, "axis": "z", "origin": [1, 11, 8]},
			"faces": {
				"east": {"uv": [7, 2, 9, 3], "texture": "#texture"},
				"west": {"uv": [7, 2, 9, 3], "texture": "#texture"}
			}
		},
		{
			"from": [1, 13, 10],
			"to": [1, 14, 12],
			"rotation": {"angle": 22.5, "axis": "z", "origin": [1, 11, 8]},
			"faces": {
				"east": {"uv": [10, 2, 12, 3], "texture": "#texture"},
				"west": {"uv": [10, 2, 12, 3], "texture": "#texture"}
			}
		},
		{
			"from": [1, 11, 12],
			"to": [1, 12, 13],
			"rotation": {"angle": 22.5, "axis": "z", "origin": [1, 11, 8]},
			"faces": {
				"east": {"uv": [12, 4, 13, 5], "texture": "#texture"},
				"west": {"uv": [12, 4, 13, 5], "texture": "#texture"}
			}
		},
		{
			"from": [1, 3, 3],
			"to": [1, 5, 11],
			"rotation": {"angle": -22.5, "axis": "z", "origin": [1, 5, 8]},
			"faces": {
				"east": {"uv": [3, 11, 11, 13], "texture": "#texture"},
				"west": {"uv": [3, 11, 11, 13], "texture": "#texture"}
			}
		},
		{
			"from": [1, 2, 6],
			"to": [1, 3, 10],
			"rotation": {"angle": -22.5, "axis": "z", "origin": [1, 5, 8]},
			"faces": {
				"east": {"uv": [6, 13, 10, 14], "texture": "#texture"},
				"west": {"uv": [6, 13, 10, 14], "texture": "#texture"}
			}
		},
		{
			"from": [1, 5, 2],
			"to": [1, 7, 3],
			"rotation": {"angle": 22.5, "axis": "y", "origin": [1, 11, 5]},
			"faces": {
				"east": {"uv": [2, 9, 3, 11], "texture": "#texture"},
				"west": {"uv": [2, 10, 3, 12], "texture": "#texture"}
			}
		},
		{
			"from": [1, 5, 3],
			"to": [1, 12, 5],
			"rotation": {"angle": 22.5, "axis": "y", "origin": [1, 11, 5]},
			"faces": {
				"east": {"uv": [3, 4, 5, 11], "texture": "#texture"},
				"west": {"uv": [3, 4, 5, 11], "texture": "#texture"}
			}
		},
		{
			"from": [1, 9, 2],
			"to": [1, 12, 3],
			"rotation": {"angle": 22.5, "axis": "y", "origin": [1, 11, 5]},
			"faces": {
				"east": {"uv": [2, 4, 3, 7], "texture": "#texture"},
				"west": {"uv": [2, 4, 3, 7], "texture": "#texture"}
			}
		},
		{
			"from": [1, 3, 11],
			"to": [1, 11, 13],
			"rotation": {"angle": -22.5, "axis": "y", "origin": [1, 11, 11]},
			"faces": {
				"east": {"uv": [11, 5, 13, 13], "texture": "#texture"},
				"west": {"uv": [11, 5, 13, 13], "texture": "#texture"}
			}
		},
		{
			"from": [1, 4, 13],
			"to": [1, 7, 14],
			"rotation": {"angle": -22.5, "axis": "y", "origin": [1, 11, 11]},
			"faces": {
				"east": {"uv": [13, 9, 14, 12], "texture": "#texture"},
				"west": {"uv": [13, 9, 14, 12], "texture": "#texture"}
			}
		},
		{
			"from": [1, 9, 13],
			"to": [1, 11, 14],
			"rotation": {"angle": -22.5, "axis": "y", "origin": [1, 11, 11]},
			"faces": {
				"east": {"uv": [13, 5, 14, 7], "texture": "#texture"},
				"west": {"uv": [13, 5, 14, 7], "texture": "#texture"}
			}
		},
		{
			"from": [1, 5, 5],
			"to": [2, 11, 11],
			"rotation": {"angle": 0, "axis": "y", "origin": [7, 9, 8]},
			"faces": {
				"north": {"uv": [5, 5, 6, 11], "texture": "#texture"},
				"south": {"uv": [10, 5, 11, 11], "texture": "#texture"},
				"west": {"uv": [5, 5, 11, 11], "texture": "#texture"},
				"up": {"uv": [5, 5, 11, 6], "rotation": 270, "texture": "#texture"},
				"down": {"uv": [5, 10, 11, 11], "rotation": 90, "texture": "#texture"}
			}
		},
		{
			"from": [4, 15, 11],
			"to": [11, 15, 13],
			"rotation": {"angle": -22.5, "axis": "x", "origin": [5, 15, 11]},
			"faces": {
				"up": {"uv": [5, 3, 12, 5], "rotation": 180, "texture": "#texture"},
				"down": {"uv": [5, 3, 12, 5], "texture": "#texture"}
			}
		},
		{
			"from": [7, 15, 13],
			"to": [9, 15, 14],
			"rotation": {"angle": -22.5, "axis": "x", "origin": [5, 15, 11]},
			"faces": {
				"up": {"uv": [7, 2, 9, 3], "rotation": 180, "texture": "#texture"},
				"down": {"uv": [7, 2, 9, 3], "texture": "#texture"}
			}
		},
		{
			"from": [4, 15, 13],
			"to": [6, 15, 14],
			"rotation": {"angle": -22.5, "axis": "x", "origin": [5, 15, 11]},
			"faces": {
				"up": {"uv": [10, 2, 12, 3], "rotation": 180, "texture": "#texture"},
				"down": {"uv": [10, 2, 12, 3], "texture": "#texture"}
			}
		},
		{
			"from": [3, 15, 11],
			"to": [4, 15, 12],
			"rotation": {"angle": -22.5, "axis": "x", "origin": [5, 15, 11]},
			"faces": {
				"up": {"uv": [12, 4, 13, 5], "rotation": 180, "texture": "#texture"},
				"down": {"uv": [12, 4, 13, 5], "texture": "#texture"}
			}
		},
		{
			"from": [5, 15, 3],
			"to": [13, 15, 5],
			"rotation": {"angle": 22.5, "axis": "x", "origin": [5, 15, 5]},
			"faces": {
				"up": {"uv": [3, 11, 11, 13], "rotation": 180, "texture": "#texture"},
				"down": {"uv": [3, 11, 11, 13], "texture": "#texture"}
			}
		},
		{
			"from": [6, 15, 2],
			"to": [10, 15, 3],
			"rotation": {"angle": 22.5, "axis": "x", "origin": [5, 15, 5]},
			"faces": {
				"up": {"uv": [6, 13, 10, 14], "rotation": 180, "texture": "#texture"},
				"down": {"uv": [6, 13, 10, 14], "texture": "#texture"}
			}
		},
		{
			"from": [13, 15, 5],
			"to": [14, 15, 7],
			"rotation": {"angle": 22.5, "axis": "z", "origin": [11, 15, 10]},
			"faces": {
				"up": {"uv": [2, 10, 3, 12], "rotation": 180, "texture": "#texture"},
				"down": {"uv": [2, 9, 3, 11], "texture": "#texture"}
			}
		},
		{
			"from": [11, 15, 5],
			"to": [13, 15, 12],
			"rotation": {"angle": 22.5, "axis": "z", "origin": [11, 15, 10]},
			"faces": {
				"up": {"uv": [3, 4, 5, 11], "rotation": 180, "texture": "#texture"},
				"down": {"uv": [3, 4, 5, 11], "texture": "#texture"}
			}
		},
		{
			"from": [13, 15, 9],
			"to": [14, 15, 12],
			"rotation": {"angle": 22.5, "axis": "z", "origin": [11, 15, 10]},
			"faces": {
				"up": {"uv": [2, 4, 3, 7], "rotation": 180, "texture": "#texture"},
				"down": {"uv": [2, 4, 3, 7], "texture": "#texture"}
			}
		},
		{
			"from": [3, 15, 3],
			"to": [5, 15, 11],
			"rotation": {"angle": -22.5, "axis": "z", "origin": [5, 15, 10]},
			"faces": {
				"up": {"uv": [11, 5, 13, 13], "rotation": 180, "texture": "#texture"},
				"down": {"uv": [11, 5, 13, 13], "texture": "#texture"}
			}
		},
		{
			"from": [2, 15, 4],
			"to": [3, 15, 7],
			"rotation": {"angle": -22.5, "axis": "z", "origin": [5, 15, 10]},
			"faces": {
				"up": {"uv": [13, 9, 14, 12], "rotation": 180, "texture": "#texture"},
				"down": {"uv": [13, 9, 14, 12], "texture": "#texture"}
			}
		},
		{
			"from": [2, 15, 9],
			"to": [3, 15, 11],
			"rotation": {"angle": -22.5, "axis": "z", "origin": [5, 15, 10]},
			"faces": {
				"up": {"uv": [13, 5, 14, 7], "rotation": 180, "texture": "#texture"},
				"down": {"uv": [13, 5, 14, 7], "texture": "#texture"}
			}
		},
		{
			"from": [5, 14, 5],
			"to": [11, 15, 11],
			"rotation": {"angle": 0, "axis": "x", "origin": [5, 15, 10]},
			"faces": {
				"north": {"uv": [5, 10, 11, 11], "rotation": 180, "texture": "#texture"},
				"east": {"uv": [5, 5, 6, 11], "rotation": 270, "texture": "#texture"},
				"south": {"uv": [5, 5, 11, 6], "texture": "#texture"},
				"west": {"uv": [10, 5, 11, 11], "rotation": 90, "texture": "#texture"},
				"up": {"uv": [5, 5, 11, 11], "rotation": 180, "texture": "#texture"}
			}
		}
	],
	"groups": [0, 1, 2,
		{
			"name": "north",
			"origin": [8, 8, 8],
			"children": [
				{
					"name": "group",
					"origin": [9, 11, 8],
					"children": [3, 4, 5, 6]
				},
				{
					"name": "group",
					"origin": [9, 11, 8],
					"children": [7, 8]
				},
				{
					"name": "group",
					"origin": [20, 11, 8],
					"children": [9, 10, 11]
				},
				{
					"name": "group",
					"origin": [9, 11, 8],
					"children": [12, 13, 14]
				}, 15]
		},
		{
			"name": "east",
			"origin": [8, 8, 8],
			"children": [
				{
					"name": "group",
					"origin": [9, 11, 8],
					"children": [16, 17, 18, 19]
				},
				{
					"name": "group",
					"origin": [9, 11, 8],
					"children": [20, 21]
				},
				{
					"name": "group",
					"origin": [20, 11, 8],
					"children": [22, 23, 24]
				},
				{
					"name": "group",
					"origin": [9, 11, 8],
					"children": [25, 26, 27]
				}, 28]
		},
		{
			"name": "south",
			"origin": [7, 7, 7],
			"children": [
				{
					"name": "group",
					"origin": [9, 11, 8],
					"children": [29, 30, 31, 32]
				},
				{
					"name": "group",
					"origin": [9, 11, 8],
					"children": [33, 34]
				},
				{
					"name": "group",
					"origin": [20, 11, 8],
					"children": [35, 36, 37]
				},
				{
					"name": "group",
					"origin": [9, 11, 8],
					"children": [38, 39, 40]
				}, 41]
		},
		{
			"name": "west",
			"origin": [8, 8, 8],
			"children": [
				{
					"name": "group",
					"origin": [9, 11, 8],
					"children": [42, 43, 44, 45]
				},
				{
					"name": "group",
					"origin": [9, 11, 8],
					"children": [46, 47]
				},
				{
					"name": "group",
					"origin": [20, 11, 8],
					"children": [48, 49, 50]
				},
				{
					"name": "group",
					"origin": [9, 11, 8],
					"children": [51, 52, 53]
				}, 54]
		},
		{
			"name": "up",
			"origin": [8, 8, 8],
			"children": [
				{
					"name": "group",
					"origin": [9, 11, 8],
					"children": [55, 56, 57, 58]
				},
				{
					"name": "group",
					"origin": [9, 11, 8],
					"children": [59, 60]
				},
				{
					"name": "group",
					"origin": [20, 11, 8],
					"children": [61, 62, 63]
				},
				{
					"name": "group",
					"origin": [9, 11, 8],
					"children": [64, 65, 66]
				}, 67]
		}
	]
}