{
	"credit": "Made with Blockbench",
	"textures": {
		"bottom": "block/end_stone_bottom",
		"top": "block/end_portal_frame_top",
		"side": "block/end_portal_frame_side",
		"particle": "block/end_portal_frame_side",
		"eye": "block/end_portal_frame_eye"
	},
	"elements": [
		{
			"from": [0, 0, 0],
			"to": [16, 13, 16],
			"faces": {
				"north": {"uv": [0, 3, 16, 16], "texture": "#side", "cullface": "north"},
				"east": {"uv": [0, 3, 16, 16], "texture": "#side", "cullface": "east"},
				"south": {"uv": [0, 3, 16, 16], "texture": "#side", "cullface": "south"},
				"west": {"uv": [0, 3, 16, 16], "texture": "#side", "cullface": "west"},
				"up": {"uv": [0, 0, 16, 16], "texture": "#top"},
				"down": {"uv": [0, 0, 16, 16], "texture": "#bottom", "cullface": "down"}
			}
		},
		{
			"from": [4, 13, 4],
			"to": [12, 16, 12],
			"faces": {
				"north": {"uv": [4, 0, 12, 3], "texture": "#eye"},
				"east": {"uv": [4, 0, 12, 3], "texture": "#eye"},
				"south": {"uv": [4, 0, 12, 3], "texture": "#eye"},
				"west": {"uv": [4, 0, 12, 3], "texture": "#eye"},
				"up": {"uv": [4, 4, 12, 12], "texture": "#eye", "cullface": "up"}
			}
		},
		{
			"from": [4.5, 15.5, 11.5],
			"to": [11.5, 16.5, 12.5],
			"faces": {
				"north": {"uv": [4, 5, 5, 11], "rotation": 90, "texture": "#top", "cullface": "up"},
				"south": {"uv": [4, 5, 5, 11], "rotation": 270, "texture": "#top", "cullface": "up"},
				"up": {"uv": [4, 5, 5, 11], "rotation": 270, "texture": "#top", "cullface": "up"},
				"down": {"uv": [4, 5, 5, 11], "rotation": 270, "texture": "#top", "cullface": "up"}
			}
		},
		{
			"from": [4.5, 15.5, 3.5],
			"to": [11.5, 16.5, 4.5],
			"faces": {
				"north": {"uv": [4, 5, 5, 11], "rotation": 270, "texture": "#top", "cullface": "up"},
				"south": {"uv": [4, 5, 5, 11], "rotation": 90, "texture": "#top", "cullface": "up"},
				"up": {"uv": [4, 5, 5, 11], "rotation": 90, "texture": "#top", "cullface": "up"},
				"down": {"uv": [4, 5, 5, 11], "rotation": 90, "texture": "#top", "cullface": "up"}
			}
		},
		{
			"from": [3.5, 12.5, 3.5],
			"to": [4.5, 16.5, 4.5],
			"rotation": {"angle": 22.5, "axis": "x", "origin": [3.5, 16.5, 3.5]},
			"faces": {
				"north": {"uv": [14, 4, 15, 8], "texture": "#top"},
				"east": {"uv": [14, 4, 15, 8], "texture": "#top"},
				"south": {"uv": [14, 4, 15, 8], "texture": "#top"},
				"west": {"uv": [14, 4, 15, 8], "texture": "#top"}
			}
		},
		{
			"from": [3.5, 12.5, 11.5],
			"to": [4.5, 16.5, 12.5],
			"rotation": {"angle": -22.5, "axis": "x", "origin": [3.5, 16.5, 12.5]},
			"faces": {
				"north": {"uv": [14, 4, 15, 8], "texture": "#top"},
				"east": {"uv": [14, 4, 15, 8], "texture": "#top"},
				"south": {"uv": [14, 4, 15, 8], "texture": "#top"},
				"west": {"uv": [14, 4, 15, 8], "texture": "#top"}
			}
		},
		{
			"from": [3.5, 12.5, 11.5],
			"to": [4.5, 16.5, 12.5],
			"rotation": {"angle": -22.5, "axis": "z", "origin": [3.5, 16.5, 12.5]},
			"faces": {
				"north": {"uv": [14, 4, 15, 8], "texture": "#top"},
				"east": {"uv": [14, 4, 15, 8], "texture": "#top"},
				"south": {"uv": [14, 4, 15, 8], "texture": "#top"},
				"west": {"uv": [14, 4, 15, 8], "texture": "#top"}
			}
		},
		{
			"from": [11.5, 12.5, 11.5],
			"to": [12.5, 16.5, 12.5],
			"rotation": {"angle": 22.5, "axis": "z", "origin": [12.5, 16.5, 12.5]},
			"faces": {
				"north": {"uv": [14, 4, 15, 8], "texture": "#top"},
				"east": {"uv": [14, 4, 15, 8], "texture": "#top"},
				"south": {"uv": [14, 4, 15, 8], "texture": "#top"},
				"west": {"uv": [14, 4, 15, 8], "texture": "#top"}
			}
		},
		{
			"from": [11.5, 12.5, 3.5],
			"to": [12.5, 16.5, 4.5],
			"rotation": {"angle": 22.5, "axis": "x", "origin": [3.5, 16.5, 3.5]},
			"faces": {
				"north": {"uv": [14, 4, 15, 8], "texture": "#top"},
				"east": {"uv": [14, 4, 15, 8], "texture": "#top"},
				"south": {"uv": [14, 4, 15, 8], "texture": "#top"},
				"west": {"uv": [14, 4, 15, 8], "texture": "#top"}
			}
		},
		{
			"from": [11.5, 12.5, 11.5],
			"to": [12.5, 16.5, 12.5],
			"rotation": {"angle": -22.5, "axis": "x", "origin": [3.5, 16.5, 12.5]},
			"faces": {
				"north": {"uv": [14, 4, 15, 8], "texture": "#top"},
				"east": {"uv": [14, 4, 15, 8], "texture": "#top"},
				"south": {"uv": [14, 4, 15, 8], "texture": "#top"},
				"west": {"uv": [14, 4, 15, 8], "texture": "#top"}
			}
		},
		{
			"from": [3.5, 12.5, 3.5],
			"to": [4.5, 16.5, 4.5],
			"rotation": {"angle": -22.5, "axis": "z", "origin": [3.5, 16.5, 12.5]},
			"faces": {
				"north": {"uv": [14, 4, 15, 8], "texture": "#top"},
				"east": {"uv": [14, 4, 15, 8], "texture": "#top"},
				"south": {"uv": [14, 4, 15, 8], "texture": "#top"},
				"west": {"uv": [14, 4, 15, 8], "texture": "#top"}
			}
		},
		{
			"from": [11.5, 12.5, 3.5],
			"to": [12.5, 16.5, 4.5],
			"rotation": {"angle": 22.5, "axis": "z", "origin": [12.5, 16.5, 12.5]},
			"faces": {
				"north": {"uv": [14, 4, 15, 8], "texture": "#top"},
				"east": {"uv": [14, 4, 15, 8], "texture": "#top"},
				"south": {"uv": [14, 4, 15, 8], "texture": "#top"},
				"west": {"uv": [14, 4, 15, 8], "texture": "#top"}
			}
		},
		{
			"from": [11.5, 15.5, 3.5],
			"to": [12.5, 16.5, 12.5],
			"faces": {
				"east": {"uv": [4, 4, 5, 12], "rotation": 90, "texture": "#top", "cullface": "up"},
				"west": {"uv": [4, 4, 5, 12], "rotation": 270, "texture": "#top", "cullface": "up"},
				"up": {"uv": [4, 4, 5, 12], "texture": "#top", "cullface": "up"},
				"down": {"uv": [4, 4, 5, 12], "texture": "#top", "cullface": "up"}
			}
		},
		{
			"from": [3.5, 15.5, 3.5],
			"to": [4.5, 16.5, 12.5],
			"faces": {
				"east": {"uv": [4, 4, 5, 12], "rotation": 270, "texture": "#top", "cullface": "up"},
				"west": {"uv": [4, 4, 5, 12], "rotation": 90, "texture": "#top", "cullface": "up"},
				"up": {"uv": [4, 4, 5, 12], "rotation": 180, "texture": "#top", "cullface": "up"},
				"down": {"uv": [4, 4, 5, 12], "rotation": 180, "texture": "#top", "cullface": "up"}
			}
		}
	]
}