{
        "ambientocclusion": false,
	"parent": "block/block",
	"textures": {
		"0": "block/netherrack_alt",
		"2": "block/netherrack",
		"3": "block/orange_mushroon",
		"particle": "block/netherrack"
	},
	"elements": [
		{
			"from": [0, 0, 0],
			"to": [16, 16, 16],
			"faces": {
				"north": {"uv": [0, 0, 16, 16], "texture": "#0", "cullface": "north"},
				"east": {"uv": [0, 0, 16, 16], "texture": "#0", "cullface": "east"},
				"south": {"uv": [0, 0, 16, 16], "texture": "#0", "cullface": "south"},
				"west": {"uv": [0, 0, 16, 16], "texture": "#0", "cullface": "west"},
				"up": {"uv": [0, 0, 16, 16], "texture": "#2", "cullface": "up"},
				"down": {"uv": [0, 0, 16, 16], "texture": "#0", "cullface": "down"}
			}
		},
		{
			"from": [8, 16, 7],
			"to": [8, 21, 9],
			"rotation": {"angle": 22.5, "axis": "z", "origin": [9, 16, 8]},
			"faces": {
				"north": {"uv": [0, 0, 0, 1], "texture": "#3", "cullface": "up"},
				"east": {"uv": [7, 11, 9, 16], "texture": "#3", "cullface": "up"},
				"south": {"uv": [0, 0, 0, 1], "texture": "#3", "cullface": "up"},
				"west": {"uv": [7, 11, 9, 16], "texture": "#3", "cullface": "up"}
			}
		},
		{
			"from": [8, 21, 5],
			"to": [8, 27, 11],
			"rotation": {"angle": 22.5, "axis": "z", "origin": [9, 16, 8]},
			"faces": {
				"north": {"uv": [0, 0, 0, 1], "texture": "#3", "cullface": "up"},
				"east": {"uv": [5, 5, 11, 11], "texture": "#3", "cullface": "up"},
				"south": {"uv": [0, 0, 0, 1], "texture": "#3", "cullface": "up"},
				"west": {"uv": [5, 5, 11, 11], "texture": "#3", "cullface": "up"}
			}
		},
		{
			"from": [8, 27, 6],
			"to": [8, 28, 10],
			"rotation": {"angle": 22.5, "axis": "z", "origin": [9, 16, 8]},
			"faces": {
				"north": {"uv": [0, 0, 0, 1], "texture": "#3", "cullface": "up"},
				"east": {"uv": [6, 4, 10, 5], "texture": "#3", "cullface": "up"},
				"south": {"uv": [0, 0, 0, 1], "texture": "#3", "cullface": "up"},
				"west": {"uv": [6, 4, 10, 5], "texture": "#3", "cullface": "up"}
			}
		},
		{
			"from": [8, 22, 3],
			"to": [8, 24, 5],
			"rotation": {"angle": 22.5, "axis": "z", "origin": [9, 16, 8]},
			"faces": {
				"north": {"uv": [0, 0, 0, 1], "texture": "#3", "cullface": "up"},
				"east": {"uv": [11, 8, 13, 10], "texture": "#3", "cullface": "up"},
				"south": {"uv": [0, 0, 0, 1], "texture": "#3", "cullface": "up"},
				"west": {"uv": [3, 8, 5, 10], "texture": "#3", "cullface": "up"}
			}
		},
		{
			"from": [8, 22, 11],
			"to": [8, 24, 13],
			"rotation": {"angle": 22.5, "axis": "z", "origin": [9, 16, 8]},
			"faces": {
				"north": {"uv": [0, 0, 0, 1], "texture": "#3", "cullface": "up"},
				"east": {"uv": [3, 8, 5, 10], "texture": "#3", "cullface": "up"},
				"south": {"uv": [0, 0, 0, 1], "texture": "#3", "cullface": "up"},
				"west": {"uv": [11, 8, 13, 10], "texture": "#3", "cullface": "up"}
			}
		},
		{
			"from": [8, 21, 11],
			"to": [8, 22, 12],
			"rotation": {"angle": 22.5, "axis": "z", "origin": [9, 16, 8]},
			"faces": {
				"north": {"uv": [0, 0, 0, 1], "texture": "#3", "cullface": "up"},
				"east": {"uv": [11, 10, 12, 11], "texture": "#3", "cullface": "up"},
				"south": {"uv": [0, 0, 0, 1], "texture": "#3", "cullface": "up"},
				"west": {"uv": [11, 10, 12, 11], "texture": "#3", "cullface": "up"}
			}
		},
		{
			"from": [8, 21, 4],
			"to": [8, 22, 5],
			"rotation": {"angle": 22.5, "axis": "z", "origin": [9, 16, 8]},
			"faces": {
				"north": {"uv": [0, 0, 0, 1], "texture": "#3", "cullface": "up"},
				"east": {"uv": [4, 10, 5, 11], "texture": "#3", "cullface": "up"},
				"south": {"uv": [0, 0, 0, 1], "texture": "#3", "cullface": "up"},
				"west": {"uv": [4, 10, 5, 11], "texture": "#3", "cullface": "up"}
			}
		},
		{
			"from": [4, 21, 8],
			"to": [5, 22, 8],
			"rotation": {"angle": 22.5, "axis": "z", "origin": [9, 16, 8]},
			"faces": {
				"north": {"uv": [4, 10, 5, 11], "texture": "#3", "cullface": "up"},
				"east": {"uv": [0, 0, 0, 1], "texture": "#3", "cullface": "up"},
				"south": {"uv": [4, 10, 5, 11], "texture": "#3", "cullface": "up"},
				"west": {"uv": [0, 0, 0, 1], "texture": "#3", "cullface": "up"}
			}
		},
		{
			"from": [11, 21, 8],
			"to": [12, 22, 8],
			"rotation": {"angle": 22.5, "axis": "z", "origin": [9, 16, 8]},
			"faces": {
				"north": {"uv": [11, 10, 12, 11], "texture": "#3", "cullface": "up"},
				"east": {"uv": [0, 0, 0, 1], "texture": "#3", "cullface": "up"},
				"south": {"uv": [11, 10, 12, 11], "texture": "#3", "cullface": "up"},
				"west": {"uv": [0, 0, 0, 1], "texture": "#3", "cullface": "up"}
			}
		},
		{
			"from": [11, 22, 8],
			"to": [13, 24, 8],
			"rotation": {"angle": 22.5, "axis": "z", "origin": [9, 16, 8]},
			"faces": {
				"north": {"uv": [3, 8, 5, 10], "texture": "#3", "cullface": "up"},
				"east": {"uv": [0, 0, 0, 1], "texture": "#3", "cullface": "up"},
				"south": {"uv": [11, 8, 13, 10], "texture": "#3", "cullface": "up"},
				"west": {"uv": [0, 0, 0, 1], "texture": "#3", "cullface": "up"}
			}
		},
		{
			"from": [3, 22, 8],
			"to": [5, 24, 8],
			"rotation": {"angle": 22.5, "axis": "z", "origin": [9, 16, 8]},
			"faces": {
				"north": {"uv": [11, 8, 13, 10], "texture": "#3", "cullface": "up"},
				"east": {"uv": [0, 0, 0, 1], "texture": "#3", "cullface": "up"},
				"south": {"uv": [3, 8, 5, 10], "texture": "#3", "cullface": "up"},
				"west": {"uv": [0, 0, 0, 1], "texture": "#3", "cullface": "up"}
			}
		},
		{
			"from": [6, 27, 8],
			"to": [10, 28, 8],
			"rotation": {"angle": 22.5, "axis": "z", "origin": [9, 16, 8]},
			"faces": {
				"north": {"uv": [6, 4, 10, 5], "texture": "#3", "cullface": "up"},
				"east": {"uv": [0, 0, 0, 1], "texture": "#3", "cullface": "up"},
				"south": {"uv": [6, 4, 10, 5], "texture": "#3", "cullface": "up"},
				"west": {"uv": [0, 0, 0, 1], "texture": "#3", "cullface": "up"}
			}
		},
		{
			"from": [5, 21, 8],
			"to": [11, 27, 8],
			"rotation": {"angle": 22.5, "axis": "z", "origin": [9, 16, 8]},
			"faces": {
				"north": {"uv": [5, 5, 11, 11], "texture": "#3", "cullface": "up"},
				"east": {"uv": [0, 0, 0, 1], "texture": "#3", "cullface": "up"},
				"south": {"uv": [5, 5, 11, 11], "texture": "#3", "cullface": "up"},
				"west": {"uv": [0, 0, 0, 1], "texture": "#3", "cullface": "up"}
			}
		},
		{
			"from": [7, 16, 8],
			"to": [9, 21, 8],
			"rotation": {"angle": 22.5, "axis": "z", "origin": [9, 16, 8]},
			"faces": {
				"north": {"uv": [7, 11, 9, 16], "texture": "#3", "cullface": "up"},
				"east": {"uv": [0, 0, 0, 1], "texture": "#3", "cullface": "up"},
				"south": {"uv": [7, 11, 9, 16], "texture": "#3", "cullface": "up"},
				"west": {"uv": [0, 0, 0, 1], "texture": "#3", "cullface": "up"}
			}
		}
	],
	"groups": [0,
		{
			"name": "group",
			"origin": [8, 8, 8],
			"children": [1, 2, 3, 4, 5, 6, 7, 8, 9, 10, 11, 12, 13, 14]
		}
	]
}