{
	"credit": "Made with Blockbench",
	"parent": "block/block",
	"textures": {
		"0": "block/netherrack_alt",
		"2": "block/netherrack",
		"3": "block/nether_roots",
		"particle": "block/netherrack"
	},
	"elements": [
		{
			"from": [0, 0, 0],
			"to": [16, 16, 16],
			"faces": {
				"north": {"uv": [0, 0, 16, 16], "texture": "#0", "cullface": "north"},
				"east": {"uv": [0, 0, 16, 16], "texture": "#0", "cullface": "east"},
				"south": {"uv": [0, 0, 16, 16], "texture": "#0", "cullface": "south"},
				"west": {"uv": [0, 0, 16, 16], "texture": "#0", "cullface": "west"},
				"up": {"uv": [0, 0, 16, 16], "texture": "#2", "cullface": "up"},
				"down": {"uv": [0, 0, 16, 16], "texture": "#0", "cullface": "down"}
			}
		},
		{
			"from": [7, -16, 8],
			"to": [8, -10, 8],
			"rotation": {"angle": 45, "axis": "y", "origin": [8, -8, 8]},
			"faces": {
				"north": {"uv": [8, 10, 9, 16], "texture": "#3", "cullface": "down"},
				"east": {"uv": [0, 0, 0, 6], "texture": "#3", "cullface": "down"},
				"south": {"uv": [8, 10, 9, 16], "texture": "#3", "cullface": "down"},
				"west": {"uv": [0, 0, 0, 6], "texture": "#3", "cullface": "down"},
				"up": {"uv": [0, 0, 1, 0], "texture": "#3", "cullface": "down"},
				"down": {"uv": [0, 0, 1, 0], "texture": "#3", "cullface": "down"}
			}
		},
		{
			"from": [8, -11, 8],
			"to": [9, -5, 8],
			"rotation": {"angle": 45, "axis": "y", "origin": [8, -8, 8]},
			"faces": {
				"north": {"uv": [7, 5, 8, 11], "texture": "#3", "cullface": "down"},
				"east": {"uv": [0, 0, 0, 6], "texture": "#3", "cullface": "down"},
				"south": {"uv": [7, 5, 8, 11], "texture": "#3", "cullface": "down"},
				"west": {"uv": [0, 0, 0, 6], "texture": "#3", "cullface": "down"},
				"up": {"uv": [0, 0, 1, 0], "texture": "#3", "cullface": "down"},
				"down": {"uv": [0, 0, 1, 0], "texture": "#3", "cullface": "down"}
			}
		},
		{
			"from": [5, -15, 8],
			"to": [6, -4, 8],
			"rotation": {"angle": 45, "axis": "y", "origin": [8, -8, 8]},
			"faces": {
				"north": {"uv": [10, 4, 11, 15], "texture": "#3", "cullface": "down"},
				"east": {"uv": [0, 0, 0, 11], "texture": "#3", "cullface": "down"},
				"south": {"uv": [10, 4, 11, 15], "texture": "#3", "cullface": "down"},
				"west": {"uv": [0, 0, 0, 11], "texture": "#3", "cullface": "down"},
				"up": {"uv": [0, 0, 1, 0], "texture": "#3", "cullface": "down"},
				"down": {"uv": [0, 0, 1, 0], "texture": "#3", "cullface": "down"}
			}
		},
		{
			"from": [11, -13, 8],
			"to": [12, -8, 8],
			"rotation": {"angle": 45, "axis": "y", "origin": [8, -8, 8]},
			"faces": {
				"north": {"uv": [4, 8, 5, 13], "texture": "#3", "cullface": "down"},
				"east": {"uv": [0, 0, 0, 5], "texture": "#3", "cullface": "down"},
				"south": {"uv": [4, 8, 5, 13], "texture": "#3", "cullface": "down"},
				"west": {"uv": [0, 0, 0, 5], "texture": "#3", "cullface": "down"},
				"up": {"uv": [0, 0, 1, 0], "texture": "#3", "cullface": "down"},
				"down": {"uv": [0, 0, 1, 0], "texture": "#3", "cullface": "down"}
			}
		},
		{
			"from": [10, -9, 8],
			"to": [11, -5, 8],
			"rotation": {"angle": 45, "axis": "y", "origin": [8, -8, 8]},
			"faces": {
				"north": {"uv": [5, 5, 6, 9], "texture": "#3", "cullface": "down"},
				"east": {"uv": [0, 0, 0, 4], "texture": "#3", "cullface": "down"},
				"south": {"uv": [5, 5, 6, 9], "texture": "#3", "cullface": "down"},
				"west": {"uv": [0, 0, 0, 4], "texture": "#3", "cullface": "down"},
				"up": {"uv": [0, 0, 1, 0], "texture": "#3", "cullface": "down"},
				"down": {"uv": [0, 0, 1, 0], "texture": "#3", "cullface": "down"}
			}
		},
		{
			"from": [3, -7, 8],
			"to": [4, -5, 8],
			"rotation": {"angle": 45, "axis": "y", "origin": [8, -8, 8]},
			"faces": {
				"north": {"uv": [12, 5, 13, 7], "texture": "#3", "cullface": "down"},
				"east": {"uv": [0, 0, 0, 2], "texture": "#3", "cullface": "down"},
				"south": {"uv": [0, 0, 1, 2], "texture": "#3", "cullface": "down"},
				"west": {"uv": [0, 0, 0, 2], "texture": "#3", "cullface": "down"},
				"up": {"uv": [0, 0, 1, 0], "texture": "#3", "cullface": "down"},
				"down": {"uv": [0, 0, 1, 0], "texture": "#3", "cullface": "down"}
			}
		},
		{
			"from": [2, -11, 8],
			"to": [3, -7, 8],
			"rotation": {"angle": 45, "axis": "y", "origin": [8, -8, 8]},
			"faces": {
				"north": {"uv": [13, 7, 14, 11], "texture": "#3", "cullface": "down"},
				"east": {"uv": [0, 0, 0, 4], "texture": "#3", "cullface": "down"},
				"south": {"uv": [13, 7, 14, 11], "texture": "#3", "cullface": "down"},
				"west": {"uv": [0, 0, 0, 4], "texture": "#3", "cullface": "down"},
				"up": {"uv": [0, 0, 1, 0], "texture": "#3", "cullface": "down"},
				"down": {"uv": [0, 0, 1, 0], "texture": "#3", "cullface": "down"}
			}
		},
		{
			"from": [2, -5, 8],
			"to": [3, 0, 8],
			"rotation": {"angle": 45, "axis": "y", "origin": [8, -8, 8]},
			"faces": {
				"north": {"uv": [13, 0, 14, 5], "texture": "#3", "cullface": "down"},
				"east": {"uv": [0, 0, 0, 5], "texture": "#3", "cullface": "down"},
				"south": {"uv": [13, 0, 14, 5], "texture": "#3", "cullface": "down"},
				"west": {"uv": [0, 0, 0, 5], "texture": "#3", "cullface": "down"},
				"up": {"uv": [0, 0, 1, 0], "texture": "#3", "cullface": "down"},
				"down": {"uv": [0, 0, 1, 0], "texture": "#3", "cullface": "down"}
			}
		},
		{
			"from": [1, -5, 8],
			"to": [2, -3, 8],
			"rotation": {"angle": 45, "axis": "y", "origin": [8, -8, 8]},
			"faces": {
				"north": {"uv": [15, 6, 16, 8], "texture": "#3", "cullface": "down"},
				"east": {"uv": [0, 0, 0, 2], "texture": "#3", "cullface": "down"},
				"south": {"uv": [15, 6, 16, 8], "texture": "#3", "cullface": "down"},
				"west": {"uv": [0, 0, 0, 2], "texture": "#3", "cullface": "down"},
				"up": {"uv": [0, 0, 1, 0], "texture": "#3", "cullface": "down"},
				"down": {"uv": [0, 0, 1, 0], "texture": "#3", "cullface": "down"}
			}
		},
		{
			"from": [3, -1, 8],
			"to": [4, 0, 8],
			"rotation": {"angle": 45, "axis": "y", "origin": [8, -8, 8]},
			"faces": {
				"north": {"uv": [12, 0, 13, 1], "texture": "#3", "cullface": "down"},
				"east": {"uv": [0, 0, 0, 1], "texture": "#3", "cullface": "down"},
				"south": {"uv": [12, 0, 13, 1], "texture": "#3", "cullface": "down"},
				"west": {"uv": [0, 0, 0, 1], "texture": "#3", "cullface": "down"},
				"up": {"uv": [0, 0, 1, 0], "texture": "#3", "cullface": "down"},
				"down": {"uv": [0, 0, 1, 0], "texture": "#3", "cullface": "down"}
			}
		},
		{
			"from": [7, -5, 8],
			"to": [8, -2, 8],
			"rotation": {"angle": 45, "axis": "y", "origin": [8, -8, 8]},
			"faces": {
				"north": {"uv": [8, 2, 9, 5], "texture": "#3", "cullface": "down"},
				"east": {"uv": [0, 0, 0, 3], "texture": "#3", "cullface": "down"},
				"south": {"uv": [8, 2, 9, 5], "texture": "#3", "cullface": "down"},
				"west": {"uv": [0, 0, 0, 3], "texture": "#3", "cullface": "down"},
				"up": {"uv": [0, 0, 1, 0], "texture": "#3", "cullface": "down"},
				"down": {"uv": [0, 0, 1, 0], "texture": "#3", "cullface": "down"}
			}
		},
		{
			"from": [6, -3, 8],
			"to": [7, 0, 8],
			"rotation": {"angle": 45, "axis": "y", "origin": [8, -8, 8]},
			"faces": {
				"north": {"uv": [9, 0, 10, 3], "texture": "#3", "cullface": "down"},
				"east": {"uv": [0, 0, 0, 3], "texture": "#3", "cullface": "down"},
				"south": {"uv": [9, 0, 10, 3], "texture": "#3", "cullface": "down"},
				"west": {"uv": [0, 0, 0, 3], "texture": "#3", "cullface": "down"},
				"up": {"uv": [0, 0, 1, 0], "texture": "#3", "cullface": "down"},
				"down": {"uv": [0, 0, 1, 0], "texture": "#3", "cullface": "down"}
			}
		},
		{
			"from": [9, -6, 8],
			"to": [10, 0, 8],
			"rotation": {"angle": 45, "axis": "y", "origin": [8, -8, 8]},
			"faces": {
				"north": {"uv": [6, 0, 7, 6], "texture": "#3", "cullface": "down"},
				"east": {"uv": [0, 0, 0, 6], "texture": "#3", "cullface": "down"},
				"south": {"uv": [6, 0, 7, 6], "texture": "#3", "cullface": "down"},
				"west": {"uv": [0, 0, 0, 6], "texture": "#3", "cullface": "down"},
				"up": {"uv": [0, 0, 1, 0], "texture": "#3", "cullface": "down"},
				"down": {"uv": [0, 0, 1, 0], "texture": "#3", "cullface": "down"}
			}
		},
		{
			"from": [11, -5, 8],
			"to": [12, 0, 8],
			"rotation": {"angle": 45, "axis": "y", "origin": [8, -8, 8]},
			"faces": {
				"north": {"uv": [4, 0, 5, 5], "texture": "#3", "cullface": "down"},
				"east": {"uv": [0, 0, 0, 5], "texture": "#3", "cullface": "down"},
				"south": {"uv": [4, 0, 5, 5], "texture": "#3", "cullface": "down"},
				"west": {"uv": [0, 0, 0, 5], "texture": "#3", "cullface": "down"},
				"up": {"uv": [0, 0, 1, 0], "texture": "#3", "cullface": "down"},
				"down": {"uv": [0, 0, 1, 0], "texture": "#3", "cullface": "down"}
			}
		},
		{
			"from": [14, -5, 8],
			"to": [15, 0, 8],
			"rotation": {"angle": 45, "axis": "y", "origin": [8, -8, 8]},
			"faces": {
				"north": {"uv": [1, 0, 2, 5], "texture": "#3", "cullface": "down"},
				"east": {"uv": [0, 0, 0, 5], "texture": "#3", "cullface": "down"},
				"south": {"uv": [1, 0, 2, 5], "texture": "#3", "cullface": "down"},
				"west": {"uv": [0, 0, 0, 5], "texture": "#3", "cullface": "down"},
				"up": {"uv": [0, 0, 1, 0], "texture": "#3", "cullface": "down"},
				"down": {"uv": [0, 0, 1, 0], "texture": "#3", "cullface": "down"}
			}
		},
		{
			"from": [15, -7, 8],
			"to": [16, -3, 8],
			"rotation": {"angle": 45, "axis": "y", "origin": [8, -8, 8]},
			"faces": {
				"north": {"uv": [0, 3, 1, 7], "texture": "#3", "cullface": "down"},
				"east": {"uv": [0, 0, 0, 4], "texture": "#3", "cullface": "down"},
				"south": {"uv": [0, 3, 1, 7], "texture": "#3", "cullface": "down"},
				"west": {"uv": [0, 0, 0, 4], "texture": "#3", "cullface": "down"},
				"up": {"uv": [0, 0, 1, 0], "texture": "#3", "cullface": "down"},
				"down": {"uv": [0, 0, 1, 0], "texture": "#3", "cullface": "down"}
			}
		},
		{
			"from": [4, -6, 8],
			"to": [5, 0, 8],
			"rotation": {"angle": 45, "axis": "y", "origin": [8, -8, 8]},
			"faces": {
				"north": {"uv": [11, 0, 12, 6], "texture": "#3", "cullface": "down"},
				"east": {"uv": [0, 0, 0, 6], "texture": "#3", "cullface": "down"},
				"south": {"uv": [11, 0, 12, 6], "texture": "#3", "cullface": "down"},
				"west": {"uv": [0, 0, 0, 6], "texture": "#3", "cullface": "down"},
				"up": {"uv": [0, 0, 1, 0], "texture": "#3", "cullface": "down"},
				"down": {"uv": [0, 0, 1, 0], "texture": "#3", "cullface": "down"}
			}
		},
		{
			"from": [4, -13, 8],
			"to": [5, -10, 8],
			"rotation": {"angle": 45, "axis": "y", "origin": [8, -8, 8]},
			"faces": {
				"north": {"uv": [11, 10, 12, 13], "texture": "#3", "cullface": "down"},
				"east": {"uv": [0, 0, 0, 3], "texture": "#3", "cullface": "down"},
				"south": {"uv": [11, 10, 12, 13], "texture": "#3", "cullface": "down"},
				"west": {"uv": [0, 0, 0, 3], "texture": "#3", "cullface": "down"},
				"up": {"uv": [0, 0, 1, 0], "texture": "#3", "cullface": "down"},
				"down": {"uv": [0, 0, 1, 0], "texture": "#3", "cullface": "down"}
			}
		},
		{
			"from": [9, -14, 8],
			"to": [10, -11, 8],
			"rotation": {"angle": 45, "axis": "y", "origin": [8, -8, 8]},
			"faces": {
				"north": {"uv": [6, 11, 7, 14], "texture": "#3", "cullface": "down"},
				"east": {"uv": [0, 0, 0, 3], "texture": "#3", "cullface": "down"},
				"south": {"uv": [6, 11, 7, 14], "texture": "#3", "cullface": "down"},
				"west": {"uv": [0, 0, 0, 3], "texture": "#3", "cullface": "down"},
				"up": {"uv": [0, 0, 1, 0], "texture": "#3", "cullface": "down"},
				"down": {"uv": [0, 0, 1, 0], "texture": "#3", "cullface": "down"}
			}
		},
		{
			"from": [13, -11, 8],
			"to": [14, -8, 8],
			"rotation": {"angle": 45, "axis": "y", "origin": [8, -8, 8]},
			"faces": {
				"north": {"uv": [2, 8, 3, 11], "texture": "#3", "cullface": "down"},
				"east": {"uv": [0, 0, 0, 3], "texture": "#3", "cullface": "down"},
				"south": {"uv": [2, 8, 3, 11], "texture": "#3", "cullface": "down"},
				"west": {"uv": [0, 0, 0, 3], "texture": "#3", "cullface": "down"},
				"up": {"uv": [0, 0, 1, 0], "texture": "#3", "cullface": "down"},
				"down": {"uv": [0, 0, 1, 0], "texture": "#3", "cullface": "down"}
			}
		},
		{
			"from": [0, -3, 8],
			"to": [1, 0, 8],
			"rotation": {"angle": 45, "axis": "y", "origin": [8, -8, 8]},
			"faces": {
				"north": {"uv": [15, 2, 16, 5], "texture": "#3", "cullface": "down"},
				"east": {"uv": [0, 0, 0, 3], "texture": "#3", "cullface": "down"},
				"south": {"uv": [15, 2, 16, 5], "texture": "#3", "cullface": "down"},
				"west": {"uv": [0, 0, 0, 3], "texture": "#3", "cullface": "down"},
				"up": {"uv": [0, 0, 1, 0], "texture": "#3", "cullface": "down"},
				"down": {"uv": [0, 0, 1, 0], "texture": "#3", "cullface": "down"}
			}
		},
		{
			"from": [12, -8, 8],
			"to": [13, -5, 8],
			"rotation": {"angle": 45, "axis": "y", "origin": [8, -8, 8]},
			"faces": {
				"north": {"uv": [3, 5, 4, 8], "texture": "#3", "cullface": "down"},
				"east": {"uv": [0, 0, 0, 3], "texture": "#3", "cullface": "down"},
				"south": {"uv": [3, 5, 4, 8], "texture": "#3", "cullface": "down"},
				"west": {"uv": [0, 0, 0, 3], "texture": "#3", "cullface": "down"},
				"up": {"uv": [0, 0, 1, 0], "texture": "#3", "cullface": "down"},
				"down": {"uv": [0, 0, 1, 0], "texture": "#3", "cullface": "down"}
			}
		},
		{
			"from": [8, -16, 8],
			"to": [8, -10, 9],
			"rotation": {"angle": 45, "axis": "y", "origin": [8, -8, 8]},
			"faces": {
				"north": {"uv": [0, 0, 0, 6], "texture": "#3", "cullface": "down"},
				"east": {"uv": [8, 10, 9, 16], "texture": "#3", "cullface": "down"},
				"south": {"uv": [0, 0, 0, 6], "texture": "#3", "cullface": "down"},
				"west": {"uv": [8, 10, 9, 16], "texture": "#3", "cullface": "down"},
				"up": {"uv": [0, 0, 1, 0], "rotation": 270, "texture": "#3", "cullface": "down"},
				"down": {"uv": [0, 0, 1, 0], "rotation": 90, "texture": "#3", "cullface": "down"}
			}
		},
		{
			"from": [8, -11, 7],
			"to": [8, -5, 8],
			"rotation": {"angle": 45, "axis": "y", "origin": [8, -8, 8]},
			"faces": {
				"north": {"uv": [0, 0, 0, 6], "texture": "#3", "cullface": "down"},
				"east": {"uv": [7, 5, 8, 11], "texture": "#3", "cullface": "down"},
				"south": {"uv": [0, 0, 0, 6], "texture": "#3", "cullface": "down"},
				"west": {"uv": [7, 5, 8, 11], "texture": "#3", "cullface": "down"},
				"up": {"uv": [0, 0, 1, 0], "rotation": 270, "texture": "#3", "cullface": "down"},
				"down": {"uv": [0, 0, 1, 0], "rotation": 90, "texture": "#3", "cullface": "down"}
			}
		},
		{
			"from": [8, -15, 10],
			"to": [8, -4, 11],
			"rotation": {"angle": 45, "axis": "y", "origin": [8, -8, 8]},
			"faces": {
				"north": {"uv": [0, 0, 0, 11], "texture": "#3", "cullface": "down"},
				"east": {"uv": [10, 4, 11, 15], "texture": "#3", "cullface": "down"},
				"south": {"uv": [0, 0, 0, 11], "texture": "#3", "cullface": "down"},
				"west": {"uv": [10, 4, 11, 15], "texture": "#3", "cullface": "down"},
				"up": {"uv": [0, 0, 1, 0], "rotation": 270, "texture": "#3", "cullface": "down"},
				"down": {"uv": [0, 0, 1, 0], "rotation": 90, "texture": "#3", "cullface": "down"}
			}
		},
		{
			"from": [8, -13, 4],
			"to": [8, -8, 5],
			"rotation": {"angle": 45, "axis": "y", "origin": [8, -8, 8]},
			"faces": {
				"north": {"uv": [0, 0, 0, 5], "texture": "#3", "cullface": "down"},
				"east": {"uv": [4, 8, 5, 13], "texture": "#3", "cullface": "down"},
				"south": {"uv": [0, 0, 0, 5], "texture": "#3", "cullface": "down"},
				"west": {"uv": [4, 8, 5, 13], "texture": "#3", "cullface": "down"},
				"up": {"uv": [0, 0, 1, 0], "rotation": 270, "texture": "#3", "cullface": "down"},
				"down": {"uv": [0, 0, 1, 0], "rotation": 90, "texture": "#3", "cullface": "down"}
			}
		},
		{
			"from": [8, -9, 5],
			"to": [8, -5, 6],
			"rotation": {"angle": 45, "axis": "y", "origin": [8, -8, 8]},
			"faces": {
				"north": {"uv": [0, 0, 0, 4], "texture": "#3", "cullface": "down"},
				"east": {"uv": [5, 5, 6, 9], "texture": "#3", "cullface": "down"},
				"south": {"uv": [0, 0, 0, 4], "texture": "#3", "cullface": "down"},
				"west": {"uv": [5, 5, 6, 9], "texture": "#3", "cullface": "down"},
				"up": {"uv": [0, 0, 1, 0], "rotation": 270, "texture": "#3", "cullface": "down"},
				"down": {"uv": [0, 0, 1, 0], "rotation": 90, "texture": "#3", "cullface": "down"}
			}
		},
		{
			"from": [8, -7, 12],
			"to": [8, -5, 13],
			"rotation": {"angle": 45, "axis": "y", "origin": [8, -8, 8]},
			"faces": {
				"north": {"uv": [0, 0, 0, 2], "texture": "#3", "cullface": "down"},
				"east": {"uv": [0, 0, 1, 2], "texture": "#3", "cullface": "down"},
				"south": {"uv": [0, 0, 0, 2], "texture": "#3", "cullface": "down"},
				"west": {"uv": [12, 5, 13, 7], "texture": "#3", "cullface": "down"},
				"up": {"uv": [0, 0, 1, 0], "rotation": 270, "texture": "#3", "cullface": "down"},
				"down": {"uv": [0, 0, 1, 0], "rotation": 90, "texture": "#3", "cullface": "down"}
			}
		},
		{
			"from": [8, -11, 13],
			"to": [8, -7, 14],
			"rotation": {"angle": 45, "axis": "y", "origin": [8, -8, 8]},
			"faces": {
				"north": {"uv": [0, 0, 0, 4], "texture": "#3", "cullface": "down"},
				"east": {"uv": [13, 7, 14, 11], "texture": "#3", "cullface": "down"},
				"south": {"uv": [0, 0, 0, 4], "texture": "#3", "cullface": "down"},
				"west": {"uv": [13, 7, 14, 11], "texture": "#3", "cullface": "down"},
				"up": {"uv": [0, 0, 1, 0], "rotation": 270, "texture": "#3", "cullface": "down"},
				"down": {"uv": [0, 0, 1, 0], "rotation": 90, "texture": "#3", "cullface": "down"}
			}
		},
		{
			"from": [8, -5, 13],
			"to": [8, 0, 14],
			"rotation": {"angle": 45, "axis": "y", "origin": [8, -8, 8]},
			"faces": {
				"north": {"uv": [0, 0, 0, 5], "texture": "#3", "cullface": "down"},
				"east": {"uv": [13, 0, 14, 5], "texture": "#3", "cullface": "down"},
				"south": {"uv": [0, 0, 0, 5], "texture": "#3", "cullface": "down"},
				"west": {"uv": [13, 0, 14, 5], "texture": "#3", "cullface": "down"},
				"up": {"uv": [0, 0, 1, 0], "rotation": 270, "texture": "#3", "cullface": "down"},
				"down": {"uv": [0, 0, 1, 0], "rotation": 90, "texture": "#3", "cullface": "down"}
			}
		},
		{
			"from": [8, -5, 14],
			"to": [8, -3, 15],
			"rotation": {"angle": 45, "axis": "y", "origin": [8, -8, 8]},
			"faces": {
				"north": {"uv": [0, 0, 0, 2], "texture": "#3", "cullface": "down"},
				"east": {"uv": [15, 6, 16, 8], "texture": "#3", "cullface": "down"},
				"south": {"uv": [0, 0, 0, 2], "texture": "#3", "cullface": "down"},
				"west": {"uv": [15, 6, 16, 8], "texture": "#3", "cullface": "down"},
				"up": {"uv": [0, 0, 1, 0], "rotation": 270, "texture": "#3", "cullface": "down"},
				"down": {"uv": [0, 0, 1, 0], "rotation": 90, "texture": "#3", "cullface": "down"}
			}
		},
		{
			"from": [8, -1, 12],
			"to": [8, 0, 13],
			"rotation": {"angle": 45, "axis": "y", "origin": [8, -8, 8]},
			"faces": {
				"north": {"uv": [0, 0, 0, 1], "texture": "#3", "cullface": "down"},
				"east": {"uv": [12, 0, 13, 1], "texture": "#3", "cullface": "down"},
				"south": {"uv": [0, 0, 0, 1], "texture": "#3", "cullface": "down"},
				"west": {"uv": [12, 0, 13, 1], "texture": "#3", "cullface": "down"},
				"up": {"uv": [0, 0, 1, 0], "rotation": 270, "texture": "#3", "cullface": "down"},
				"down": {"uv": [0, 0, 1, 0], "rotation": 90, "texture": "#3", "cullface": "down"}
			}
		},
		{
			"from": [8, -5, 8],
			"to": [8, -2, 9],
			"rotation": {"angle": 45, "axis": "y", "origin": [8, -8, 8]},
			"faces": {
				"north": {"uv": [0, 0, 0, 3], "texture": "#3", "cullface": "down"},
				"east": {"uv": [8, 2, 9, 5], "texture": "#3", "cullface": "down"},
				"south": {"uv": [0, 0, 0, 3], "texture": "#3", "cullface": "down"},
				"west": {"uv": [8, 2, 9, 5], "texture": "#3", "cullface": "down"},
				"up": {"uv": [0, 0, 1, 0], "rotation": 270, "texture": "#3", "cullface": "down"},
				"down": {"uv": [0, 0, 1, 0], "rotation": 90, "texture": "#3", "cullface": "down"}
			}
		},
		{
			"from": [8, -3, 9],
			"to": [8, 0, 10],
			"rotation": {"angle": 45, "axis": "y", "origin": [8, -8, 8]},
			"faces": {
				"north": {"uv": [0, 0, 0, 3], "texture": "#3", "cullface": "down"},
				"east": {"uv": [9, 0, 10, 3], "texture": "#3", "cullface": "down"},
				"south": {"uv": [0, 0, 0, 3], "texture": "#3", "cullface": "down"},
				"west": {"uv": [9, 0, 10, 3], "texture": "#3", "cullface": "down"},
				"up": {"uv": [0, 0, 1, 0], "rotation": 270, "texture": "#3", "cullface": "down"},
				"down": {"uv": [0, 0, 1, 0], "rotation": 90, "texture": "#3", "cullface": "down"}
			}
		},
		{
			"from": [8, -6, 6],
			"to": [8, 0, 7],
			"rotation": {"angle": 45, "axis": "y", "origin": [8, -8, 8]},
			"faces": {
				"north": {"uv": [0, 0, 0, 6], "texture": "#3", "cullface": "down"},
				"east": {"uv": [6, 0, 7, 6], "texture": "#3", "cullface": "down"},
				"south": {"uv": [0, 0, 0, 6], "texture": "#3", "cullface": "down"},
				"west": {"uv": [6, 0, 7, 6], "texture": "#3", "cullface": "down"},
				"up": {"uv": [0, 0, 1, 0], "rotation": 270, "texture": "#3", "cullface": "down"},
				"down": {"uv": [0, 0, 1, 0], "rotation": 90, "texture": "#3", "cullface": "down"}
			}
		},
		{
			"from": [8, -5, 4],
			"to": [8, 0, 5],
			"rotation": {"angle": 45, "axis": "y", "origin": [8, -8, 8]},
			"faces": {
				"north": {"uv": [0, 0, 0, 5], "texture": "#3", "cullface": "down"},
				"east": {"uv": [4, 0, 5, 5], "texture": "#3", "cullface": "down"},
				"south": {"uv": [0, 0, 0, 5], "texture": "#3", "cullface": "down"},
				"west": {"uv": [4, 0, 5, 5], "texture": "#3", "cullface": "down"},
				"up": {"uv": [0, 0, 1, 0], "rotation": 270, "texture": "#3", "cullface": "down"},
				"down": {"uv": [0, 0, 1, 0], "rotation": 90, "texture": "#3", "cullface": "down"}
			}
		},
		{
			"from": [8, -5, 1],
			"to": [8, 0, 2],
			"rotation": {"angle": 45, "axis": "y", "origin": [8, -8, 8]},
			"faces": {
				"north": {"uv": [0, 0, 0, 5], "texture": "#3", "cullface": "down"},
				"east": {"uv": [1, 0, 2, 5], "texture": "#3", "cullface": "down"},
				"south": {"uv": [0, 0, 0, 5], "texture": "#3", "cullface": "down"},
				"west": {"uv": [1, 0, 2, 5], "texture": "#3", "cullface": "down"},
				"up": {"uv": [0, 0, 1, 0], "rotation": 270, "texture": "#3", "cullface": "down"},
				"down": {"uv": [0, 0, 1, 0], "rotation": 90, "texture": "#3", "cullface": "down"}
			}
		},
		{
			"from": [8, -7, 0],
			"to": [8, -3, 1],
			"rotation": {"angle": 45, "axis": "y", "origin": [8, -8, 8]},
			"faces": {
				"north": {"uv": [0, 0, 0, 4], "texture": "#3", "cullface": "down"},
				"east": {"uv": [0, 3, 1, 7], "texture": "#3", "cullface": "down"},
				"south": {"uv": [0, 0, 0, 4], "texture": "#3", "cullface": "down"},
				"west": {"uv": [0, 3, 1, 7], "texture": "#3", "cullface": "down"},
				"up": {"uv": [0, 0, 1, 0], "rotation": 270, "texture": "#3", "cullface": "down"},
				"down": {"uv": [0, 0, 1, 0], "rotation": 90, "texture": "#3", "cullface": "down"}
			}
		},
		{
			"from": [8, -6, 11],
			"to": [8, 0, 12],
			"rotation": {"angle": 45, "axis": "y", "origin": [8, -8, 8]},
			"faces": {
				"north": {"uv": [0, 0, 0, 6], "texture": "#3", "cullface": "down"},
				"east": {"uv": [11, 0, 12, 6], "texture": "#3", "cullface": "down"},
				"south": {"uv": [0, 0, 0, 6], "texture": "#3", "cullface": "down"},
				"west": {"uv": [11, 0, 12, 6], "texture": "#3", "cullface": "down"},
				"up": {"uv": [0, 0, 1, 0], "rotation": 270, "texture": "#3", "cullface": "down"},
				"down": {"uv": [0, 0, 1, 0], "rotation": 90, "texture": "#3", "cullface": "down"}
			}
		},
		{
			"from": [8, -13, 11],
			"to": [8, -10, 12],
			"rotation": {"angle": 45, "axis": "y", "origin": [8, -8, 8]},
			"faces": {
				"north": {"uv": [0, 0, 0, 3], "texture": "#3", "cullface": "down"},
				"east": {"uv": [11, 10, 12, 13], "texture": "#3", "cullface": "down"},
				"south": {"uv": [0, 0, 0, 3], "texture": "#3", "cullface": "down"},
				"west": {"uv": [11, 10, 12, 13], "texture": "#3", "cullface": "down"},
				"up": {"uv": [0, 0, 1, 0], "rotation": 270, "texture": "#3", "cullface": "down"},
				"down": {"uv": [0, 0, 1, 0], "rotation": 90, "texture": "#3", "cullface": "down"}
			}
		},
		{
			"from": [8, -14, 6],
			"to": [8, -11, 7],
			"rotation": {"angle": 45, "axis": "y", "origin": [8, -8, 8]},
			"faces": {
				"north": {"uv": [0, 0, 0, 3], "texture": "#3", "cullface": "down"},
				"east": {"uv": [6, 11, 7, 14], "texture": "#3", "cullface": "down"},
				"south": {"uv": [0, 0, 0, 3], "texture": "#3", "cullface": "down"},
				"west": {"uv": [6, 11, 7, 14], "texture": "#3", "cullface": "down"},
				"up": {"uv": [0, 0, 1, 0], "rotation": 270, "texture": "#3", "cullface": "down"},
				"down": {"uv": [0, 0, 1, 0], "rotation": 90, "texture": "#3", "cullface": "down"}
			}
		},
		{
			"from": [8, -11, 2],
			"to": [8, -8, 3],
			"rotation": {"angle": 45, "axis": "y", "origin": [8, -8, 8]},
			"faces": {
				"north": {"uv": [0, 0, 0, 3], "texture": "#3", "cullface": "down"},
				"east": {"uv": [2, 8, 3, 11], "texture": "#3", "cullface": "down"},
				"south": {"uv": [0, 0, 0, 3], "texture": "#3", "cullface": "down"},
				"west": {"uv": [2, 8, 3, 11], "texture": "#3", "cullface": "down"},
				"up": {"uv": [0, 0, 1, 0], "rotation": 270, "texture": "#3", "cullface": "down"},
				"down": {"uv": [0, 0, 1, 0], "rotation": 90, "texture": "#3", "cullface": "down"}
			}
		},
		{
			"from": [8, -3, 15],
			"to": [8, 0, 16],
			"rotation": {"angle": 45, "axis": "y", "origin": [8, -8, 8]},
			"faces": {
				"north": {"uv": [0, 0, 0, 3], "texture": "#3", "cullface": "down"},
				"east": {"uv": [15, 2, 16, 5], "texture": "#3", "cullface": "down"},
				"south": {"uv": [0, 0, 0, 3], "texture": "#3", "cullface": "down"},
				"west": {"uv": [15, 2, 16, 5], "texture": "#3", "cullface": "down"},
				"up": {"uv": [0, 0, 1, 0], "rotation": 270, "texture": "#3", "cullface": "down"},
				"down": {"uv": [0, 0, 1, 0], "rotation": 90, "texture": "#3", "cullface": "down"}
			}
		},
		{
			"from": [8, -8, 3],
			"to": [8, -5, 4],
			"rotation": {"angle": 45, "axis": "y", "origin": [8, -8, 8]},
			"faces": {
				"north": {"uv": [0, 0, 0, 3], "texture": "#3", "cullface": "down"},
				"east": {"uv": [3, 5, 4, 8], "texture": "#3", "cullface": "down"},
				"south": {"uv": [0, 0, 0, 3], "texture": "#3", "cullface": "down"},
				"west": {"uv": [3, 5, 4, 8], "texture": "#3", "cullface": "down"},
				"up": {"uv": [0, 0, 1, 0], "rotation": 270, "texture": "#3", "cullface": "down"},
				"down": {"uv": [0, 0, 1, 0], "rotation": 90, "texture": "#3", "cullface": "down"}
			}
		}
	],
	"groups": [0,
		{
			"name": "group",
			"origin": [8, 8, 8],
			"children": [1, 2, 3, 4, 5, 6, 7, 8, 9, 10, 11, 12, 13, 14, 15, 16, 17, 18, 19, 20, 21, 22]
		},
		{
			"name": "group",
			"origin": [8, 8, 8],
			"children": [23, 24, 25, 26, 27, 28, 29, 30, 31, 32, 33, 34, 35, 36, 37, 38, 39, 40, 41, 42, 43, 44]
		}
	]
}